,capShape,capSurface,capColor,bruises,odor,gillAttachment,gillSpacing,gillSize,gillColor,stalkShape,stalkRoot,stalkSurfaceAboveRing,stalkSurfaceBelowRing,stalkColorAboveRing,stalkColorBelowRing,veilColor,ringNumber,ringType,sporePrintColor,population,habitat
3581,5,3,2,0,8,1,0,1,0,1,2,1,2,7,7,2,1,0,7,4,4
3648,5,3,2,0,8,1,0,1,0,1,2,1,2,6,6,2,1,0,7,4,0
3652,5,3,4,0,2,1,0,1,0,1,2,2,2,6,6,2,1,0,7,4,2
3739,5,3,4,0,8,1,0,1,0,1,2,1,1,6,6,2,1,0,7,4,0
3741,5,3,4,0,8,1,0,1,0,1,2,2,1,6,7,2,1,0,7,4,2
3865,5,3,4,0,7,1,0,1,0,1,2,1,2,7,7,2,1,0,7,4,4
3907,5,3,4,0,8,1,0,1,0,1,2,2,1,7,6,2,1,0,7,4,0
3956,5,3,4,0,8,1,0,1,0,1,2,1,2,7,6,2,1,0,7,4,0
3986,5,3,4,0,7,1,0,1,0,1,2,2,1,6,7,2,1,0,7,4,0
4020,5,3,4,0,8,1,0,1,0,1,2,2,1,6,6,2,1,0,7,4,4
4042,5,3,4,0,7,1,0,1,0,1,2,2,2,6,6,2,1,0,7,4,2
4124,5,3,4,0,8,1,0,1,0,1,2,2,2,6,7,2,1,0,7,4,0
4224,5,3,4,0,2,1,0,1,0,1,2,1,2,6,6,2,1,0,7,4,2
4300,5,3,4,0,2,1,0,1,0,1,2,2,1,6,7,2,1,0,7,4,4
4313,5,3,4,0,7,1,0,1,0,1,2,2,1,7,6,2,1,0,7,4,4
4353,5,3,4,0,2,1,0,1,0,1,2,1,1,7,7,2,1,0,7,4,2
4366,5,3,4,0,2,1,0,1,0,1,2,1,2,6,7,2,1,0,7,4,0
4380,5,3,2,0,8,1,0,1,0,1,2,1,1,6,7,2,1,0,7,4,4
4381,5,3,2,0,8,1,0,1,0,1,2,1,1,6,7,2,1,0,7,4,2
4411,5,3,4,0,7,1,0,1,0,1,2,2,1,7,7,2,1,0,7,4,4
4448,5,3,4,0,8,1,0,1,0,1,2,2,2,7,6,2,1,0,7,4,2
4459,5,3,4,0,2,1,0,1,0,1,2,1,1,6,6,2,1,0,7,4,4
4494,5,3,4,0,7,1,0,1,0,1,2,1,1,7,7,2,1,0,7,4,2
4503,5,3,2,0,8,1,0,1,0,1,2,1,1,7,7,2,1,0,7,4,2
4520,5,3,4,0,8,1,0,1,0,1,2,1,2,6,7,2,1,0,7,4,2
4545,5,3,4,0,7,1,0,1,0,1,2,1,1,7,7,2,1,0,7,4,4
4546,5,3,4,0,8,1,0,1,0,1,2,2,1,7,7,2,1,0,7,4,0
4547,5,3,2,0,8,1,0,1,0,1,2,1,1,7,7,2,1,0,7,4,4
4553,5,3,2,0,8,1,0,1,0,1,2,1,2,6,6,2,1,0,7,4,4
4561,5,3,4,0,7,1,0,1,0,1,2,2,2,7,6,2,1,0,7,4,0
4562,5,3,4,0,8,1,0,1,0,1,2,1,2,6,6,2,1,0,7,4,0
4566,5,3,4,0,2,1,0,1,0,1,2,1,2,6,6,2,1,0,7,4,4
4567,5,3,2,0,8,1,0,1,0,1,2,1,1,6,6,2,1,0,7,4,4
4569,5,3,4,0,2,1,0,1,0,1,2,1,1,6,6,2,1,0,7,4,2
4571,5,3,4,0,8,1,0,1,0,1,2,1,2,7,7,2,1,0,7,4,0
4573,5,3,4,0,2,1,0,1,0,1,2,2,1,7,6,2,1,0,7,4,4
4575,5,3,4,0,8,1,0,1,0,1,2,2,1,7,7,2,1,0,7,4,2
4578,5,3,4,0,2,1,0,1,0,1,2,2,1,7,7,2,1,0,7,4,2
4587,5,3,2,0,8,1,0,1,0,1,2,1,2,7,7,2,1,0,7,4,0
4591,5,3,4,0,7,1,0,1,0,1,2,2,2,7,7,2,1,0,7,4,0
4592,5,3,4,0,2,1,0,1,0,1,2,1,1,7,6,2,1,0,7,4,2
4597,5,3,4,0,2,1,0,1,0,1,2,2,2,7,7,2,1,0,7,4,4
4601,5,3,2,0,8,1,0,1,0,1,2,1,2,6,7,2,1,0,7,4,2
4604,5,3,4,0,8,1,0,1,0,1,2,2,2,6,6,2,1,0,7,4,0
4608,5,3,4,0,8,1,0,1,0,1,2,2,2,7,6,2,1,0,7,4,0
4611,5,3,4,0,2,1,0,1,0,1,2,1,2,6,7,2,1,0,7,4,4
4612,5,3,4,0,2,1,0,1,0,1,2,1,1,7,7,2,1,0,7,4,0
4613,5,3,4,0,2,1,0,1,0,1,2,2,2,7,6,2,1,0,7,4,2
4622,5,3,4,0,8,1,0,1,0,1,2,2,2,7,7,2,1,0,7,4,4
4632,5,3,4,0,2,1,0,1,0,1,2,2,2,6,6,2,1,0,7,4,0
4633,5,3,4,0,8,1,0,1,0,1,2,2,2,7,7,2,1,0,7,4,0
4634,5,3,4,0,8,1,0,1,0,1,2,2,2,7,7,2,1,0,7,4,2
4639,5,3,4,0,7,1,0,1,0,1,2,1,2,7,7,2,1,0,7,4,2
4644,5,3,2,0,8,1,0,1,0,1,2,2,1,6,7,2,1,0,7,4,0
4647,5,3,2,0,8,1,0,1,0,1,2,1,1,7,6,2,1,0,7,4,0
4651,5,3,4,0,7,1,0,1,0,1,2,2,2,6,7,2,1,0,7,4,2
4656,5,3,4,0,2,1,0,1,0,1,2,2,1,6,6,2,1,0,7,4,2
4657,5,3,4,0,7,1,0,1,0,1,2,2,2,7,7,2,1,0,7,4,2
4659,5,3,4,0,2,1,0,1,0,1,2,2,1,6,6,2,1,0,7,4,4
4660,5,3,4,0,7,1,0,1,0,1,2,2,2,7,6,2,1,0,7,4,4
4665,5,3,4,0,7,1,0,1,0,1,2,2,2,7,6,2,1,0,7,4,2
4668,5,3,4,0,2,1,0,1,0,1,2,1,2,7,7,2,1,0,7,4,4
4669,5,3,4,0,7,1,0,1,0,1,2,1,2,6,7,2,1,0,7,4,2
4671,5,3,2,0,8,1,0,1,0,1,2,1,2,6,6,2,1,0,7,4,2
4678,5,3,4,0,7,1,0,1,0,1,2,1,1,7,6,2,1,0,7,4,4
4683,5,3,4,0,8,1,0,1,0,1,2,2,1,7,6,2,1,0,7,4,2
4688,5,3,4,0,2,1,0,1,0,1,2,2,2,6,6,2,1,0,7,4,4
4694,5,3,4,0,2,1,0,1,0,1,2,2,2,6,7,2,1,0,7,4,0
4697,5,3,4,0,8,1,0,1,0,1,2,1,2,6,6,2,1,0,7,4,2
4704,5,3,4,0,2,1,0,1,0,1,2,2,2,7,7,2,1,0,7,4,0
4705,5,3,4,0,7,1,0,1,0,1,2,2,1,6,7,2,1,0,7,4,4
4716,5,3,2,0,8,1,0,1,0,1,2,1,1,6,7,2,1,0,7,4,0
4718,5,3,4,0,2,1,0,1,0,1,2,1,1,7,7,2,1,0,7,4,4
4721,5,3,4,0,8,1,0,1,0,1,2,1,1,6,6,2,1,0,7,4,4
4732,5,3,4,0,2,1,0,1,0,1,2,2,1,7,7,2,1,0,7,4,0
4736,5,3,4,0,8,1,0,1,0,1,2,1,1,6,7,2,1,0,7,4,0
4737,5,3,4,0,7,1,0,1,0,1,2,1,1,7,6,2,1,0,7,4,2
4740,5,3,4,0,8,1,0,1,0,1,2,1,2,7,7,2,1,0,7,4,4
4742,5,3,4,0,8,1,0,1,0,1,2,1,2,7,6,2,1,0,7,4,4
4753,5,3,4,0,7,1,0,1,0,1,2,2,1,7,6,2,1,0,7,4,0
4755,5,3,4,0,8,1,0,1,0,1,2,2,2,6,6,2,1,0,7,4,4
4758,5,3,4,0,8,1,0,1,0,1,2,1,1,7,6,2,1,0,7,4,0
4760,5,3,4,0,8,1,0,1,0,1,2,2,2,6,7,2,1,0,7,4,2
4761,5,3,2,0,8,1,0,1,0,1,2,1,2,6,7,2,1,0,7,4,0
4768,5,3,4,0,8,1,0,1,0,1,2,1,2,6,7,2,1,0,7,4,4
4773,5,3,4,0,7,1,0,1,0,1,2,1,1,6,6,2,1,0,7,4,0
4779,5,3,4,0,8,1,0,1,0,1,2,2,1,7,6,2,1,0,7,4,4
4782,5,3,4,0,8,1,0,1,0,1,2,2,1,6,6,2,1,0,7,4,2
4785,5,3,2,0,8,1,0,1,0,1,2,1,1,7,6,2,1,0,7,4,2
4787,5,3,4,0,7,1,0,1,0,1,2,1,2,7,7,2,1,0,7,4,0
4789,5,3,4,0,8,1,0,1,0,1,2,2,1,6,6,2,1,0,7,4,0
4791,5,3,4,0,7,1,0,1,0,1,2,1,2,6,6,2,1,0,7,4,2
4793,5,3,4,0,7,1,0,1,0,1,2,1,1,7,7,2,1,0,7,4,0
4798,5,3,4,0,2,1,0,1,0,1,2,2,2,7,7,2,1,0,7,4,2
4799,5,3,4,0,8,1,0,1,0,1,2,1,1,7,6,2,1,0,7,4,4
4801,5,3,4,0,2,1,0,1,0,1,2,2,2,7,6,2,1,0,7,4,0
4802,5,3,4,0,2,1,0,1,0,1,2,1,1,6,7,2,1,0,7,4,2
4809,5,3,4,0,8,1,0,1,0,1,2,1,1,6,7,2,1,0,7,4,4
4810,5,3,4,0,8,1,0,1,0,1,2,2,1,7,7,2,1,0,7,4,4
4812,5,3,4,0,7,1,0,1,0,1,2,2,2,6,6,2,1,0,7,4,4
4813,5,3,4,0,2,1,0,1,0,1,2,2,1,7,7,2,1,0,7,4,4
4821,5,3,2,0,8,1,0,1,0,1,2,1,1,6,6,2,1,0,7,4,0
4822,5,3,4,0,7,1,0,1,0,1,2,1,2,7,6,2,1,0,7,4,4
4823,5,3,4,0,2,1,0,1,0,1,2,1,2,6,6,2,1,0,7,4,0
4825,5,3,4,0,2,1,0,1,0,1,2,1,1,6,6,2,1,0,7,4,0
4827,5,3,4,0,8,1,0,1,0,1,2,2,1,6,7,2,1,0,7,4,4
4829,5,3,2,0,8,1,0,1,0,1,2,1,2,7,6,2,1,0,7,4,0
4830,5,3,4,0,8,1,0,1,0,1,2,1,1,7,7,2,1,0,7,4,2
4831,5,3,4,0,2,1,0,1,0,1,2,1,1,7,6,2,1,0,7,4,4
4834,5,3,4,0,7,1,0,1,0,1,2,1,1,6,6,2,1,0,7,4,4
4835,5,3,4,0,7,1,0,1,0,1,2,1,2,7,6,2,1,0,7,4,0
4836,5,3,4,0,8,1,0,1,0,1,2,1,1,6,7,2,1,0,7,4,2
4838,5,3,4,0,2,1,0,1,0,1,2,1,2,7,6,2,1,0,7,4,0
4839,5,3,4,0,7,1,0,1,0,1,2,2,2,6,7,2,1,0,7,4,0
4840,5,3,4,0,2,1,0,1,0,1,2,1,2,7,6,2,1,0,7,4,2
4846,5,3,4,0,7,1,0,1,0,1,2,1,2,7,6,2,1,0,7,4,2
4847,5,3,2,0,8,1,0,1,0,1,2,2,1,7,6,2,1,0,7,4,4
4856,5,3,2,0,8,1,0,1,0,1,2,1,2,7,6,2,1,0,7,4,4
4862,5,3,2,0,8,1,0,1,0,1,2,1,2,6,7,2,1,0,7,4,4
4876,5,3,4,0,8,1,0,1,0,1,2,1,1,7,7,2,1,0,7,4,4
4879,5,3,2,0,8,1,0,1,0,1,2,2,1,6,6,2,1,0,7,4,0
4883,5,3,4,0,8,1,0,1,0,1,2,2,2,6,6,2,1,0,7,4,2
4888,5,3,2,0,8,1,0,1,0,1,2,2,1,6,7,2,1,0,7,4,2
4890,5,3,4,0,8,1,0,1,0,1,2,1,1,7,7,2,1,0,7,4,0
4892,5,3,4,0,7,1,0,1,0,1,2,2,2,6,6,2,1,0,7,4,0
4899,5,3,2,0,8,1,0,1,0,1,2,2,1,6,7,2,1,0,7,4,4
4901,5,3,2,0,8,1,0,1,0,1,2,1,1,7,6,2,1,0,7,4,4
4903,5,3,4,0,7,1,0,1,0,1,2,2,2,6,7,2,1,0,7,4,4
4904,5,3,4,0,8,1,0,1,0,1,2,1,2,6,7,2,1,0,7,4,0
4905,5,3,4,0,7,1,0,1,0,1,2,2,2,7,7,2,1,0,7,4,4
4912,5,3,4,0,8,1,0,1,0,1,2,2,1,6,7,2,1,0,7,4,0
4915,5,3,4,0,7,1,0,1,0,1,2,1,2,6,7,2,1,0,7,4,0
4920,5,3,4,0,7,1,0,1,0,1,2,2,1,7,7,2,1,0,7,4,2
4922,5,3,4,0,2,1,0,1,0,1,2,1,2,7,7,2,1,0,7,4,2
4923,5,3,4,0,8,1,0,1,0,1,2,1,2,7,6,2,1,0,7,4,2
4928,5,3,4,0,7,1,0,1,0,1,2,2,1,6,6,2,1,0,7,4,0
4929,5,3,4,0,2,1,0,1,0,1,2,1,1,6,7,2,1,0,7,4,0
4930,5,3,4,0,8,1,0,1,0,1,2,1,1,6,6,2,1,0,7,4,2
4931,5,3,4,0,8,1,0,1,0,1,2,1,1,7,6,2,1,0,7,4,2
4935,5,3,4,0,7,1,0,1,0,1,2,2,1,6,6,2,1,0,7,4,2
4942,5,3,2,0,8,1,0,1,0,1,2,2,1,7,6,2,1,0,7,4,2
4943,5,3,4,0,2,1,0,1,0,1,2,1,1,6,7,2,1,0,7,4,4
4949,5,3,4,0,2,1,0,1,0,1,2,2,1,6,6,2,1,0,7,4,0
4953,5,3,4,0,7,1,0,1,0,1,2,1,1,6,6,2,1,0,7,4,2
4954,5,3,4,0,8,1,0,1,0,1,2,1,2,7,7,2,1,0,7,4,2
4956,5,3,2,0,8,1,0,1,0,1,2,2,1,6,6,2,1,0,7,4,2
4964,5,3,4,0,7,1,0,1,0,1,2,2,1,6,6,2,1,0,7,4,4
4966,5,3,4,0,7,1,0,1,0,1,2,1,2,6,6,2,1,0,7,4,0
4967,5,3,4,0,2,1,0,1,0,1,2,2,2,6,7,2,1,0,7,4,4
4976,5,3,4,0,7,1,0,1,0,1,2,1,1,6,7,2,1,0,7,4,0
4979,5,3,4,0,2,1,0,1,0,1,2,2,1,6,7,2,1,0,7,4,0
4982,5,3,4,0,2,1,0,1,0,1,2,1,2,6,7,2,1,0,7,4,2
4983,5,3,2,0,8,1,0,1,0,1,2,2,1,6,6,2,1,0,7,4,4
4985,5,3,4,0,7,1,0,1,0,1,2,2,1,6,7,2,1,0,7,4,2
4986,5,3,2,0,8,1,0,1,0,1,2,1,2,7,7,2,1,0,7,4,2
4988,5,3,4,0,2,1,0,1,0,1,2,2,1,7,6,2,1,0,7,4,2
4989,5,3,4,0,7,1,0,1,0,1,2,1,1,7,6,2,1,0,7,4,0
4993,5,3,4,0,7,1,0,1,0,1,2,2,1,7,6,2,1,0,7,4,2
4996,5,3,2,0,8,1,0,1,0,1,2,1,1,7,7,2,1,0,7,4,0
5000,5,3,4,0,2,1,0,1,0,1,2,2,2,7,6,2,1,0,7,4,4
5004,5,3,4,0,7,1,0,1,0,1,2,1,1,6,7,2,1,0,7,4,2
5022,5,3,4,0,2,1,0,1,0,1,2,2,2,6,7,2,1,0,7,4,2
5023,5,3,4,0,8,1,0,1,0,1,2,2,2,6,7,2,1,0,7,4,4
5024,5,3,4,0,8,1,0,1,0,1,2,2,2,7,6,2,1,0,7,4,4
5025,5,3,4,0,2,1,0,1,0,1,2,1,2,7,6,2,1,0,7,4,4
5030,5,3,4,0,7,1,0,1,0,1,2,1,2,6,7,2,1,0,7,4,4
5035,5,3,4,0,7,1,0,1,0,1,2,1,2,6,6,2,1,0,7,4,4
5039,5,3,4,0,2,1,0,1,0,1,2,2,1,7,6,2,1,0,7,4,0
5042,5,3,4,0,7,1,0,1,0,1,2,1,1,6,7,2,1,0,7,4,4
5046,5,3,4,0,8,1,0,1,0,1,2,1,2,6,6,2,1,0,7,4,4
5047,5,3,2,0,8,1,0,1,0,1,2,1,1,6,6,2,1,0,7,4,2
5053,5,3,4,0,2,1,0,1,0,1,2,2,1,6,7,2,1,0,7,4,2
5057,5,3,4,0,7,1,0,1,0,1,2,2,1,7,7,2,1,0,7,4,0
5059,5,3,4,0,2,1,0,1,0,1,2,1,1,7,6,2,1,0,7,4,0
5061,5,3,2,0,8,1,0,1,0,1,2,1,2,7,6,2,1,0,7,4,2
5062,5,3,4,0,2,1,0,1,0,1,2,1,2,7,7,2,1,0,7,4,0
5064,5,3,2,0,2,1,0,1,0,1,2,1,2,6,6,2,1,0,7,4,4
5065,2,2,2,0,7,1,0,1,0,1,2,1,2,6,6,2,1,0,7,4,0
5066,5,3,2,0,2,1,0,1,0,1,2,2,2,7,6,2,1,0,7,4,0
5067,5,2,4,0,2,1,0,1,0,1,2,1,1,7,7,2,1,0,7,4,4
5068,2,3,4,0,2,1,0,1,0,1,2,1,2,7,7,2,1,0,7,4,4
5069,2,3,2,0,7,1,0,1,0,1,2,2,1,6,6,2,1,0,7,4,0
5070,3,3,4,0,8,1,0,1,0,1,2,1,2,6,6,2,1,0,7,4,2
5071,2,3,2,0,8,1,0,1,0,1,2,2,2,7,7,2,1,0,7,4,4
5072,5,2,2,0,7,1,0,1,0,1,2,2,1,6,7,2,1,0,7,4,2
5073,2,3,4,0,2,1,0,1,0,1,2,2,1,6,6,2,1,0,7,4,4
5074,2,3,2,0,2,1,0,1,0,1,2,1,1,6,7,2,1,0,7,4,0
5075,5,2,2,0,7,1,0,1,0,1,2,2,2,7,6,2,1,0,7,4,2
5076,5,2,4,0,7,1,0,1,0,1,2,1,1,6,6,2,1,0,7,4,2
5077,2,2,2,0,2,1,0,1,0,1,2,1,2,6,7,2,1,0,7,4,0
5078,2,2,2,0,8,1,0,1,0,1,2,1,1,7,6,2,1,0,7,4,2
5079,2,3,2,0,2,1,0,1,0,1,2,2,1,6,6,2,1,0,7,4,4
5080,2,3,4,0,8,1,0,1,0,1,2,2,1,6,6,2,1,0,7,4,4
5081,2,3,4,0,2,1,0,1,0,1,2,1,2,6,7,2,1,0,7,4,4
5082,5,3,2,0,7,1,0,1,0,1,2,1,2,7,6,2,1,0,7,4,0
5083,3,2,4,0,8,1,0,1,0,1,2,2,1,6,6,2,1,0,7,4,4
5084,5,2,4,0,2,1,0,1,0,1,2,2,2,7,7,2,1,0,7,4,2
5085,2,2,2,0,8,1,0,1,0,1,2,1,1,6,7,2,1,0,7,4,0
5086,2,3,2,0,7,1,0,1,0,1,2,1,1,7,7,2,1,0,7,4,2
5087,3,2,2,0,8,1,0,1,0,1,2,2,2,6,6,2,1,0,7,4,4
5088,2,3,2,0,8,1,0,1,0,1,2,1,2,6,6,2,1,0,7,4,0
5089,5,2,4,0,7,1,0,1,0,1,2,1,1,7,7,2,1,0,7,4,4
5090,2,2,2,0,8,1,0,1,0,1,2,1,1,7,7,2,1,0,7,4,0
5091,2,2,4,0,8,1,0,1,0,1,2,1,1,7,7,2,1,0,7,4,2
5092,2,3,2,0,7,1,0,1,0,1,2,1,2,6,6,2,1,0,7,4,0
5093,2,2,2,0,8,1,0,1,0,1,2,2,2,7,6,2,1,0,7,4,2
5094,2,2,4,0,7,1,0,1,0,1,2,1,1,7,7,2,1,0,7,4,4
5095,2,3,2,0,7,1,0,1,0,1,2,2,1,7,6,2,1,0,7,4,4
5096,5,2,2,0,7,1,0,1,0,1,2,1,1,6,7,2,1,0,7,4,2
5097,2,2,2,0,2,1,0,1,0,1,2,2,1,7,7,2,1,0,7,4,4
5098,5,2,4,0,7,1,0,1,0,1,2,1,1,7,7,2,1,0,7,4,0
5099,2,3,4,0,7,1,0,1,0,1,2,2,1,7,6,2,1,0,7,4,4
5100,5,3,2,0,2,1,0,1,0,1,2,1,2,7,7,2,1,0,7,4,2
5101,2,3,4,0,8,1,0,1,0,1,2,1,2,6,7,2,1,0,7,4,2
5102,2,2,4,0,8,1,0,1,0,1,2,1,1,6,6,2,1,0,7,4,0
5103,2,3,2,0,8,1,0,1,0,1,2,2,2,6,6,2,1,0,7,4,0
5104,2,3,4,0,7,1,0,1,0,1,2,1,2,6,7,2,1,0,7,4,2
5105,2,3,2,0,8,1,0,1,0,1,2,2,1,7,6,2,1,0,7,4,4
5106,2,2,4,0,8,1,0,1,0,1,2,1,2,7,7,2,1,0,7,4,2
5107,5,3,2,0,8,1,0,1,0,1,2,2,1,7,7,2,1,0,7,4,2
5108,5,2,4,0,2,1,0,1,0,1,2,2,2,6,6,2,1,0,7,4,0
5109,2,2,4,0,7,1,0,1,0,1,2,2,1,7,6,2,1,0,7,4,0
5110,2,3,2,0,8,1,0,1,0,1,2,2,1,7,7,2,1,0,7,4,0
5111,2,2,4,0,2,1,0,1,0,1,2,1,1,7,7,2,1,0,7,4,0
5112,2,2,4,0,7,1,0,1,0,1,2,2,1,6,7,2,1,0,7,4,4
5113,2,2,4,0,2,1,0,1,0,1,2,2,1,7,7,2,1,0,7,4,2
5114,2,3,2,0,7,1,0,1,0,1,2,1,2,7,6,2,1,0,7,4,0
5115,2,2,2,0,8,1,0,1,0,1,2,2,1,6,6,2,1,0,7,4,2
5116,5,3,2,0,2,1,0,1,0,1,2,2,1,7,6,2,1,0,7,4,2
5117,5,2,2,0,8,1,0,1,0,1,2,1,2,7,6,2,1,0,7,4,0
5118,2,2,2,0,2,1,0,1,0,1,2,2,2,6,6,2,1,0,7,4,0
5119,2,3,4,0,8,1,0,1,0,1,2,1,2,7,7,2,1,0,7,4,4
5120,5,3,2,0,2,1,0,1,0,1,2,1,2,7,6,2,1,0,7,4,0
5121,3,2,2,0,7,1,0,1,0,1,2,2,2,7,6,2,1,0,7,4,2
5122,3,2,4,0,2,1,0,1,0,1,2,1,1,7,6,2,1,0,7,4,2
5123,2,3,4,0,2,1,0,1,0,1,2,2,2,6,7,2,1,0,7,4,0
5124,5,2,2,0,7,1,0,1,0,1,2,2,2,6,6,2,1,0,7,4,2
5125,5,3,2,0,2,1,0,1,0,1,2,1,1,7,6,2,1,0,7,4,2
5126,2,3,2,0,7,1,0,1,0,1,2,2,2,7,6,2,1,0,7,4,4
5127,2,3,4,0,7,1,0,1,0,1,2,2,2,6,7,2,1,0,7,4,2
5128,2,2,2,0,2,1,0,1,0,1,2,2,1,7,6,2,1,0,7,4,4
5129,5,2,4,0,7,1,0,1,0,1,2,2,1,6,7,2,1,0,7,4,4
5130,5,0,8,0,5,1,1,0,10,0,2,1,1,7,7,2,2,4,7,2,1
5131,2,3,4,0,8,1,0,1,0,1,2,2,1,7,6,2,1,0,7,4,4
5132,5,2,4,0,2,1,0,1,0,1,2,2,1,6,6,2,1,0,7,4,0
5133,5,2,2,0,2,1,0,1,0,1,2,2,2,6,7,2,1,0,7,4,0
5134,2,2,4,0,7,1,0,1,0,1,2,2,2,6,7,2,1,0,7,4,2
5135,2,2,4,0,7,1,0,1,0,1,2,2,1,6,6,2,1,0,7,4,2
5136,5,3,2,0,7,1,0,1,0,1,2,1,1,7,6,2,1,0,7,4,2
5137,5,2,2,0,2,1,0,1,0,1,2,1,2,6,6,2,1,0,7,4,0
5138,2,2,4,0,8,1,0,1,0,1,2,2,1,7,6,2,1,0,7,4,2
5139,3,2,4,0,2,1,0,1,0,1,2,1,1,6,6,2,1,0,7,4,4
5140,2,3,4,0,7,1,0,1,0,1,2,1,2,7,7,2,1,0,7,4,4
5141,5,2,4,0,7,1,0,1,0,1,2,1,2,6,6,2,1,0,7,4,2
5142,2,3,2,0,8,1,0,1,0,1,2,1,2,6,7,2,1,0,7,4,2
5143,5,2,2,0,8,1,0,1,0,1,2,1,1,6,6,2,1,0,7,4,0
5144,2,2,4,0,7,1,0,1,0,1,2,1,1,6,7,2,1,0,7,4,2
5145,2,3,4,0,7,1,0,1,0,1,2,2,2,6,7,2,1,0,7,4,4
5146,3,3,4,0,8,1,0,1,0,1,2,1,2,7,6,2,1,0,7,4,2
5147,2,3,4,0,7,1,0,1,0,1,2,1,2,6,6,2,1,0,7,4,0
5148,2,2,4,0,8,1,0,1,0,1,2,1,2,7,6,2,1,0,7,4,0
5149,5,2,2,0,7,1,0,1,0,1,2,2,2,6,7,2,1,0,7,4,2
5150,2,2,4,0,8,1,0,1,0,1,2,2,2,6,6,2,1,0,7,4,2
5151,2,2,4,0,7,1,0,1,0,1,2,2,1,6,7,2,1,0,7,4,0
5152,2,2,2,0,2,1,0,1,0,1,2,2,1,6,6,2,1,0,7,4,2
5153,2,3,4,0,8,1,0,1,0,1,2,2,1,7,6,2,1,0,7,4,2
5154,2,2,4,0,2,1,0,1,0,1,2,1,1,6,6,2,1,0,7,4,0
5155,2,3,4,0,2,1,0,1,0,1,2,2,1,6,6,2,1,0,7,4,2
5156,2,2,2,0,8,1,0,1,0,1,2,2,1,6,7,2,1,0,7,4,2
5157,2,2,2,0,2,1,0,1,0,1,2,2,2,7,6,2,1,0,7,4,2
5158,5,3,2,0,2,1,0,1,0,1,2,2,1,7,7,2,1,0,7,4,4
5159,2,2,4,0,8,1,0,1,0,1,2,2,1,7,6,2,1,0,7,4,4
5160,5,3,2,0,8,1,0,1,0,1,2,2,1,7,6,2,1,0,7,4,0
5161,2,3,2,0,2,1,0,1,0,1,2,1,2,7,7,2,1,0,7,4,2
5162,5,2,4,0,2,1,0,1,0,1,2,2,1,6,7,2,1,0,7,4,4
5163,2,3,4,0,7,1,0,1,0,1,2,2,2,7,7,2,1,0,7,4,4
5164,2,3,2,0,2,1,0,1,0,1,2,2,2,6,6,2,1,0,7,4,0
5165,5,3,2,0,7,1,0,1,0,1,2,1,2,6,7,2,1,0,7,4,2
5166,2,3,4,0,8,1,0,1,0,1,2,2,1,7,7,2,1,0,7,4,0
5167,2,3,4,0,8,1,0,1,0,1,2,2,1,6,6,2,1,0,7,4,2
5168,5,3,2,0,7,1,0,1,0,1,2,2,1,6,6,2,1,0,7,4,2
5169,2,3,4,0,8,1,0,1,0,1,2,1,1,6,6,2,1,0,7,4,2
5170,2,2,4,0,7,1,0,1,0,1,2,1,2,6,7,2,1,0,7,4,2
5171,5,2,4,0,2,1,0,1,0,1,2,2,2,6,6,2,1,0,7,4,4
5172,2,3,2,0,8,1,0,1,0,1,2,1,1,7,6,2,1,0,7,4,4
5173,5,3,2,0,7,1,0,1,0,1,2,1,1,6,7,2,1,0,7,4,2
5174,5,2,2,0,2,1,0,1,0,1,2,1,1,7,6,2,1,0,7,4,4
5175,2,2,2,0,2,1,0,1,0,1,2,2,2,7,7,2,1,0,7,4,2
5176,2,3,2,0,2,1,0,1,0,1,2,1,2,6,6,2,1,0,7,4,0
5177,5,3,2,0,7,1,0,1,0,1,2,2,1,7,7,2,1,0,7,4,2
5178,5,3,2,0,7,1,0,1,0,1,2,2,1,6,7,2,1,0,7,4,2
5179,5,2,4,0,2,1,0,1,0,1,2,2,2,7,6,2,1,0,7,4,2
5180,5,2,2,0,2,1,0,1,0,1,2,2,2,6,6,2,1,0,7,4,2
5181,3,2,2,0,7,1,0,1,0,1,2,1,1,6,7,2,1,0,7,4,4
5182,5,2,2,0,8,1,0,1,0,1,2,2,1,7,6,2,1,0,7,4,4
5183,2,2,4,0,8,1,0,1,0,1,2,2,2,7,6,2,1,0,7,4,0
5184,5,2,4,0,8,1,0,1,0,1,2,2,1,6,7,2,1,0,7,4,2
5185,2,3,4,0,7,1,0,1,0,1,2,2,1,6,6,2,1,0,7,4,4
5186,2,3,2,0,8,1,0,1,0,1,2,2,1,6,7,2,1,0,7,4,2
5187,2,2,2,0,7,1,0,1,0,1,2,2,2,7,7,2,1,0,7,4,2
5188,5,3,2,0,2,1,0,1,0,1,2,1,1,6,6,2,1,0,7,4,2
5189,5,2,2,0,2,1,0,1,0,1,2,1,2,6,7,2,1,0,7,4,2
5190,5,2,4,0,8,1,0,1,0,1,2,1,1,7,6,2,1,0,7,4,0
5191,5,3,2,0,2,1,0,1,0,1,2,1,2,7,7,2,1,0,7,4,0
5192,2,2,2,0,2,1,0,1,0,1,2,1,2,7,6,2,1,0,7,4,4
5193,2,2,4,0,8,1,0,1,0,1,2,2,1,7,7,2,1,0,7,4,2
5194,2,3,2,0,8,1,0,1,0,1,2,1,2,7,7,2,1,0,7,4,4
5195,5,3,2,0,7,1,0,1,0,1,2,1,2,6,6,2,1,0,7,4,2
5196,3,2,2,0,2,1,0,1,0,1,2,2,2,7,7,2,1,0,7,4,4
5197,2,3,4,0,7,1,0,1,0,1,2,2,2,7,7,2,1,0,7,4,0
5198,2,2,4,0,8,1,0,1,0,1,2,2,1,7,7,2,1,0,7,4,0
5199,5,2,2,0,8,1,0,1,0,1,2,1,1,7,6,2,1,0,7,4,4
5200,2,2,4,0,2,1,0,1,0,1,2,2,2,7,6,2,1,0,7,4,2
5201,2,2,2,0,7,1,0,1,0,1,2,1,1,7,6,2,1,0,7,4,4
5202,2,3,2,0,8,1,0,1,0,1,2,2,2,6,7,2,1,0,7,4,2
5203,0,0,8,0,5,1,1,0,2,0,2,2,2,7,7,2,2,4,7,2,1
5204,5,3,2,0,7,1,0,1,0,1,2,2,2,7,6,2,1,0,7,4,2
5205,5,3,2,0,2,1,0,1,0,1,2,1,1,6,6,2,1,0,7,4,4
5206,2,3,2,0,7,1,0,1,0,1,2,1,2,7,7,2,1,0,7,4,2
5207,2,3,2,0,8,1,0,1,0,1,2,2,1,7,6,2,1,0,7,4,2
5208,3,0,8,0,5,1,1,0,2,0,2,1,2,7,7,2,2,4,7,3,1
5209,5,2,4,0,7,1,0,1,0,1,2,1,1,6,7,2,1,0,7,4,4
5210,2,2,4,0,7,1,0,1,0,1,2,1,2,6,6,2,1,0,7,4,4
5211,5,2,4,0,7,1,0,1,0,1,2,2,2,6,6,2,1,0,7,4,0
5212,2,2,2,0,2,1,0,1,0,1,2,1,1,7,7,2,1,0,7,4,0
5213,5,2,4,0,2,1,0,1,0,1,2,2,1,7,6,2,1,0,7,4,4
5214,5,2,4,0,2,1,0,1,0,1,2,1,1,7,6,2,1,0,7,4,4
5215,5,2,2,0,7,1,0,1,0,1,2,1,1,7,6,2,1,0,7,4,4
5216,3,2,4,0,8,1,0,1,0,1,2,2,2,7,6,2,1,0,7,4,0
5217,5,3,2,0,2,1,0,1,0,1,2,2,2,7,7,2,1,0,7,4,0
5218,5,2,2,0,2,1,0,1,0,1,2,2,2,7,6,2,1,0,7,4,0
5219,5,3,2,0,2,1,0,1,0,1,2,1,1,7,7,2,1,0,7,4,0
5220,5,2,2,0,7,1,0,1,0,1,2,2,2,7,7,2,1,0,7,4,0
5221,5,2,2,0,2,1,0,1,0,1,2,2,2,6,6,2,1,0,7,4,0
5222,5,2,2,0,7,1,0,1,0,1,2,1,1,7,6,2,1,0,7,4,2
5223,5,2,2,0,7,1,0,1,0,1,2,2,2,7,6,2,1,0,7,4,0
5224,2,3,2,0,7,1,0,1,0,1,2,2,1,7,7,2,1,0,7,4,0
5225,5,2,4,0,8,1,0,1,0,1,2,2,2,6,7,2,1,0,7,4,0
5226,2,2,4,0,8,1,0,1,0,1,2,2,2,6,7,2,1,0,7,4,0
5227,5,2,2,0,2,1,0,1,0,1,2,1,1,7,7,2,1,0,7,4,0
5228,2,2,2,0,8,1,0,1,0,1,2,2,1,6,7,2,1,0,7,4,4
5229,5,2,4,0,8,1,0,1,0,1,2,2,1,7,6,2,1,0,7,4,2
5230,2,3,2,0,8,1,0,1,0,1,2,2,2,6,7,2,1,0,7,4,0
5231,5,2,4,0,8,1,0,1,0,1,2,1,2,7,6,2,1,0,7,4,2
5232,3,2,4,0,2,1,0,1,0,1,2,1,1,6,7,2,1,0,7,4,4
5233,2,2,2,0,2,1,0,1,0,1,2,2,2,6,6,2,1,0,7,4,2
5234,2,2,2,0,2,1,0,1,0,1,2,1,2,6,6,2,1,0,7,4,2
5235,2,3,2,0,2,1,0,1,0,1,2,2,2,7,6,2,1,0,7,4,4
5236,3,2,4,0,2,1,0,1,0,1,2,2,1,6,6,2,1,0,7,4,4
5237,2,3,4,0,2,1,0,1,0,1,2,1,2,7,7,2,1,0,7,4,2
5238,2,2,2,0,2,1,0,1,0,1,2,2,2,7,7,2,1,0,7,4,4
5239,5,3,2,0,7,1,0,1,0,1,2,1,2,7,7,2,1,0,7,4,0
5240,2,2,2,0,8,1,0,1,0,1,2,2,2,6,7,2,1,0,7,4,2
5241,2,3,2,0,2,1,0,1,0,1,2,2,2,6,6,2,1,0,7,4,2
5242,2,2,4,0,7,1,0,1,0,1,2,1,1,6,7,2,1,0,7,4,0
5243,2,2,4,0,2,1,0,1,0,1,2,1,2,6,7,2,1,0,7,4,0
5244,5,3,2,0,7,1,0,1,0,1,2,1,1,7,7,2,1,0,7,4,4
5245,5,3,2,0,7,1,0,1,0,1,2,1,1,6,6,2,1,0,7,4,2
5246,2,2,2,0,8,1,0,1,0,1,2,1,1,7,6,2,1,0,7,4,4
5247,3,3,2,0,2,1,0,1,0,1,2,1,1,7,7,2,1,0,7,4,0
5248,2,3,2,0,7,1,0,1,0,1,2,1,1,6,7,2,1,0,7,4,4
5249,3,3,4,0,7,1,0,1,0,1,2,2,1,7,6,2,1,0,7,4,0
5250,5,2,2,0,7,1,0,1,0,1,2,1,2,7,6,2,1,0,7,4,2
5251,5,3,2,0,7,1,0,1,0,1,2,2,1,7,6,2,1,0,7,4,4
5252,5,2,4,0,2,1,0,1,0,1,2,2,1,6,7,2,1,0,7,4,2
5253,2,3,4,0,2,1,0,1,0,1,2,2,2,6,6,2,1,0,7,4,2
5254,5,2,2,0,2,1,0,1,0,1,2,1,1,6,6,2,1,0,7,4,4
5255,0,2,3,0,5,1,1,0,10,0,2,2,1,7,7,2,2,4,7,2,1
5256,5,3,2,0,7,1,0,1,0,1,2,1,1,6,6,2,1,0,7,4,4
5257,5,2,2,0,7,1,0,1,0,1,2,1,2,6,7,2,1,0,7,4,0
5258,2,3,2,0,7,1,0,1,0,1,2,2,2,6,6,2,1,0,7,4,2
5259,5,2,2,0,8,1,0,1,0,1,2,1,2,7,6,2,1,0,7,4,4
5260,2,3,2,0,8,1,0,1,0,1,2,2,1,6,7,2,1,0,7,4,0
5261,2,3,2,0,2,1,0,1,0,1,2,1,1,7,6,2,1,0,7,4,2
5262,5,2,4,0,2,1,0,1,0,1,2,1,1,7,7,2,1,0,7,4,0
5263,2,3,4,0,2,1,0,1,0,1,2,1,2,7,6,2,1,0,7,4,4
5264,3,2,8,0,5,1,1,0,2,0,2,1,2,7,7,2,2,4,7,3,1
5265,2,3,2,0,7,1,0,1,0,1,2,1,1,7,7,2,1,0,7,4,4
5266,5,2,2,0,2,1,0,1,0,1,2,2,2,7,6,2,1,0,7,4,4
5267,2,3,4,0,8,1,0,1,0,1,2,1,2,7,6,2,1,0,7,4,2
5268,2,3,4,0,7,1,0,1,0,1,2,1,1,6,7,2,1,0,7,4,2
5269,5,2,2,0,8,1,0,1,0,1,2,1,1,7,6,2,1,0,7,4,2
5270,2,3,2,0,8,1,0,1,0,1,2,1,1,7,7,2,1,0,7,4,0
5271,2,3,2,0,2,1,0,1,0,1,2,1,1,6,7,2,1,0,7,4,4
5272,2,2,4,0,8,1,0,1,0,1,2,2,1,7,7,2,1,0,7,4,4
5273,5,3,2,0,2,1,0,1,0,1,2,2,1,6,7,2,1,0,7,4,4
5274,2,3,2,0,7,1,0,1,0,1,2,2,1,6,7,2,1,0,7,4,0
5275,0,0,3,0,5,1,1,0,7,0,2,1,2,7,7,2,2,4,7,2,1
5276,3,3,2,0,7,1,0,1,0,1,2,2,1,7,7,2,1,0,7,4,2
5277,5,3,2,0,2,1,0,1,0,1,2,2,2,6,7,2,1,0,7,4,2
5278,3,2,2,0,2,1,0,1,0,1,2,2,1,7,6,2,1,0,7,4,2
5279,5,2,4,0,7,1,0,1,0,1,2,2,1,6,6,2,1,0,7,4,4
5280,3,2,8,0,5,1,1,0,2,0,2,2,1,7,7,2,2,4,7,3,1
5281,2,2,2,0,7,1,0,1,0,1,2,2,2,6,6,2,1,0,7,4,0
5282,5,2,4,0,8,1,0,1,0,1,2,1,2,6,6,2,1,0,7,4,4
5283,3,2,2,0,2,1,0,1,0,1,2,2,1,7,7,2,1,0,7,4,4
5284,3,3,4,0,7,1,0,1,0,1,2,1,1,7,7,2,1,0,7,4,2
5285,3,3,2,0,2,1,0,1,0,1,2,1,2,6,6,2,1,0,7,4,4
5286,5,2,2,0,8,1,0,1,0,1,2,1,2,7,7,2,1,0,7,4,0
5287,2,2,2,0,7,1,0,1,0,1,2,2,1,6,6,2,1,0,7,4,4
5288,2,3,2,0,2,1,0,1,0,1,2,1,1,6,6,2,1,0,7,4,4
5289,5,3,2,0,7,1,0,1,0,1,2,2,1,6,6,2,1,0,7,4,0
5290,2,3,4,0,8,1,0,1,0,1,2,2,2,6,7,2,1,0,7,4,0
5291,5,3,2,0,8,1,0,1,0,1,2,2,2,6,7,2,1,0,7,4,0
5292,2,3,4,0,8,1,0,1,0,1,2,2,2,7,6,2,1,0,7,4,2
5293,5,3,2,0,8,1,0,1,0,1,2,2,2,7,6,2,1,0,7,4,2
5294,3,3,4,0,8,1,0,1,0,1,2,1,1,7,6,2,1,0,7,4,2
5295,2,2,2,0,2,1,0,1,0,1,2,2,1,7,7,2,1,0,7,4,2
5296,5,2,4,0,2,1,0,1,0,1,2,1,2,6,6,2,1,0,7,4,4
5297,2,3,4,0,2,1,0,1,0,1,2,1,2,6,6,2,1,0,7,4,0
5298,2,2,2,0,7,1,0,1,0,1,2,2,1,7,6,2,1,0,7,4,0
5299,5,2,2,0,8,1,0,1,0,1,2,1,1,6,7,2,1,0,7,4,0
5300,2,2,4,0,8,1,0,1,0,1,2,2,1,7,6,2,1,0,7,4,0
5301,2,3,4,0,7,1,0,1,0,1,2,2,1,6,6,2,1,0,7,4,2
5302,5,3,2,0,2,1,0,1,0,1,2,2,2,6,6,2,1,0,7,4,0
5303,5,2,2,0,2,1,0,1,0,1,2,2,1,6,6,2,1,0,7,4,0
5304,2,3,2,0,8,1,0,1,0,1,2,2,2,6,6,2,1,0,7,4,2
5305,2,2,2,0,8,1,0,1,0,1,2,1,2,6,7,2,1,0,7,4,2
5306,2,3,2,0,2,1,0,1,0,1,2,1,2,7,6,2,1,0,7,4,0
5307,5,2,4,0,7,1,0,1,0,1,2,2,2,6,7,2,1,0,7,4,2
5308,2,2,4,0,7,1,0,1,0,1,2,2,1,7,7,2,1,0,7,4,0
5309,5,2,4,0,2,1,0,1,0,1,2,1,1,6,7,2,1,0,7,4,2
5310,2,3,4,0,8,1,0,1,0,1,2,1,1,7,6,2,1,0,7,4,4
5311,3,3,4,0,7,1,0,1,0,1,2,1,1,6,7,2,1,0,7,4,0
5312,5,2,2,0,7,1,0,1,0,1,2,2,1,6,7,2,1,0,7,4,4
5313,2,3,4,0,2,1,0,1,0,1,2,1,2,7,7,2,1,0,7,4,0
5314,5,3,2,0,7,1,0,1,0,1,2,2,1,6,6,2,1,0,7,4,4
5315,2,3,2,0,7,1,0,1,0,1,2,1,1,6,7,2,1,0,7,4,0
5316,5,3,2,0,8,1,0,1,0,1,2,2,1,7,7,2,1,0,7,4,0
5317,2,3,2,0,8,1,0,1,0,1,2,1,2,7,7,2,1,0,7,4,2
5318,2,3,2,0,7,1,0,1,0,1,2,2,2,7,6,2,1,0,7,4,0
5319,2,2,2,0,7,1,0,1,0,1,2,2,1,7,7,2,1,0,7,4,2
5320,3,3,2,0,8,1,0,1,0,1,2,1,1,7,7,2,1,0,7,4,2
5321,5,2,2,0,2,1,0,1,0,1,2,2,1,6,6,2,1,0,7,4,4
5322,3,2,3,0,5,1,1,0,2,0,2,1,2,7,7,2,2,4,7,3,1
5323,5,2,4,0,8,1,0,1,0,1,2,1,2,6,7,2,1,0,7,4,2
5324,2,2,2,0,7,1,0,1,0,1,2,2,1,6,7,2,1,0,7,4,0
5325,2,2,4,0,8,1,0,1,0,1,2,2,1,6,6,2,1,0,7,4,0
5326,2,2,2,0,7,1,0,1,0,1,2,1,1,6,6,2,1,0,7,4,2
5327,2,3,4,0,7,1,0,1,0,1,2,1,2,6,6,2,1,0,7,4,4
5328,5,2,2,0,8,1,0,1,0,1,2,2,2,7,6,2,1,0,7,4,4
5329,5,2,2,0,7,1,0,1,0,1,2,2,1,7,7,2,1,0,7,4,4
5330,5,2,2,0,8,1,0,1,0,1,2,2,2,7,6,2,1,0,7,4,0
5331,5,2,2,0,2,1,0,1,0,1,2,1,2,6,7,2,1,0,7,4,4
5332,2,2,2,0,7,1,0,1,0,1,2,2,2,6,7,2,1,0,7,4,0
5333,5,2,2,0,7,1,0,1,0,1,2,2,1,6,6,2,1,0,7,4,4
5334,5,2,4,0,2,1,0,1,0,1,2,2,1,6,6,2,1,0,7,4,2
5335,2,2,4,0,7,1,0,1,0,1,2,2,1,6,7,2,1,0,7,4,2
5336,3,3,4,0,8,1,0,1,0,1,2,1,2,7,7,2,1,0,7,4,0
5337,5,3,2,0,7,1,0,1,0,1,2,1,2,6,7,2,1,0,7,4,4
5338,5,2,4,0,2,1,0,1,0,1,2,1,2,6,7,2,1,0,7,4,2
5339,5,2,2,0,2,1,0,1,0,1,2,1,1,6,7,2,1,0,7,4,4
5340,0,2,8,0,5,1,1,0,7,0,2,1,1,7,7,2,2,4,7,3,1
5341,2,2,2,0,7,1,0,1,0,1,2,1,1,6,7,2,1,0,7,4,4
5342,5,2,2,0,8,1,0,1,0,1,2,2,2,6,7,2,1,0,7,4,2
5343,5,3,2,0,2,1,0,1,0,1,2,2,1,7,6,2,1,0,7,4,0
5344,2,3,4,0,2,1,0,1,0,1,2,2,2,7,6,2,1,0,7,4,4
5345,2,2,2,0,8,1,0,1,0,1,2,1,2,6,6,2,1,0,7,4,2
5346,2,3,4,0,7,1,0,1,0,1,2,2,1,7,6,2,1,0,7,4,0
5347,2,3,2,0,2,1,0,1,0,1,2,1,1,7,6,2,1,0,7,4,0
5348,2,2,4,0,2,1,0,1,0,1,2,2,2,6,7,2,1,0,7,4,0
5349,5,3,2,0,2,1,0,1,0,1,2,2,2,7,6,2,1,0,7,4,2
5350,2,2,4,0,7,1,0,1,0,1,2,1,2,6,7,2,1,0,7,4,0
5351,5,2,4,0,8,1,0,1,0,1,2,1,2,7,7,2,1,0,7,4,2
5352,2,2,2,0,7,1,0,1,0,1,2,1,2,6,6,2,1,0,7,4,4
5353,5,2,4,0,7,1,0,1,0,1,2,2,2,7,7,2,1,0,7,4,0
5354,2,2,2,0,7,1,0,1,0,1,2,1,2,6,7,2,1,0,7,4,2
5355,5,3,2,0,8,1,0,1,0,1,2,2,2,6,7,2,1,0,7,4,4
5356,2,3,4,0,2,1,0,1,0,1,2,2,1,7,7,2,1,0,7,4,4
5357,5,3,2,0,2,1,0,1,0,1,2,1,2,6,6,2,1,0,7,4,2
5358,2,2,4,0,2,1,0,1,0,1,2,1,1,7,7,2,1,0,7,4,4
5359,2,2,4,0,8,1,0,1,0,1,2,1,2,7,6,2,1,0,7,4,4
5360,5,2,4,0,8,1,0,1,0,1,2,1,1,7,7,2,1,0,7,4,4
5361,2,2,2,0,7,1,0,1,0,1,2,2,2,7,6,2,1,0,7,4,0
5362,3,3,4,0,8,1,0,1,0,1,2,1,2,6,6,2,1,0,7,4,4
5363,5,3,2,0,2,1,0,1,0,1,2,2,1,6,6,2,1,0,7,4,2
5364,5,3,2,0,7,1,0,1,0,1,2,2,1,6,7,2,1,0,7,4,0
5365,3,2,4,0,7,1,0,1,0,1,2,1,1,6,6,2,1,0,7,4,0
5366,5,2,2,0,2,1,0,1,0,1,2,1,2,6,6,2,1,0,7,4,4
5367,5,2,2,0,2,1,0,1,0,1,2,2,2,6,7,2,1,0,7,4,4
5368,2,3,4,0,2,1,0,1,0,1,2,2,1,7,7,2,1,0,7,4,2
5369,2,2,2,0,8,1,0,1,0,1,2,2,2,6,7,2,1,0,7,4,0
5370,2,2,2,0,2,1,0,1,0,1,2,2,2,6,6,2,1,0,7,4,4
5371,2,2,4,0,2,1,0,1,0,1,2,1,2,7,6,2,1,0,7,4,2
5372,2,3,2,0,2,1,0,1,0,1,2,2,2,6,7,2,1,0,7,4,4
5373,2,3,2,0,2,1,0,1,0,1,2,2,1,6,7,2,1,0,7,4,2
5374,3,2,2,0,7,1,0,1,0,1,2,1,2,6,6,2,1,0,7,4,0
5375,5,2,4,0,2,1,0,1,0,1,2,1,2,7,6,2,1,0,7,4,0
5376,2,3,4,0,8,1,0,1,0,1,2,1,2,6,6,2,1,0,7,4,0
5377,2,2,2,0,2,1,0,1,0,1,2,1,1,7,7,2,1,0,7,4,4
5378,3,2,4,0,8,1,0,1,0,1,2,2,2,7,7,2,1,0,7,4,0
5379,2,3,4,0,2,1,0,1,0,1,2,2,2,6,7,2,1,0,7,4,4
5380,5,3,2,0,8,1,0,1,0,1,2,2,2,6,7,2,1,0,7,4,2
5381,5,3,2,0,2,1,0,1,0,1,2,1,1,7,6,2,1,0,7,4,4
5382,5,2,2,0,8,1,0,1,0,1,2,1,2,6,6,2,1,0,7,4,4
5383,2,3,4,0,2,1,0,1,0,1,2,1,1,6,7,2,1,0,7,4,2
5384,2,3,4,0,7,1,0,1,0,1,2,1,2,6,7,2,1,0,7,4,4
5385,2,3,2,0,7,1,0,1,0,1,2,1,2,6,7,2,1,0,7,4,4
5386,3,3,4,0,8,1,0,1,0,1,2,1,2,7,7,2,1,0,7,4,2
5387,5,2,4,0,7,1,0,1,0,1,2,1,1,6,6,2,1,0,7,4,0
5388,5,2,2,0,8,1,0,1,0,1,2,2,2,6,6,2,1,0,7,4,2
5389,5,2,4,0,2,1,0,1,0,1,2,2,2,6,7,2,1,0,7,4,2
5390,2,3,2,0,2,1,0,1,0,1,2,2,1,7,6,2,1,0,7,4,4
5391,3,3,2,0,2,1,0,1,0,1,2,2,1,6,6,2,1,0,7,4,0
5392,5,0,3,0,5,1,1,0,10,0,2,2,1,7,7,2,2,4,7,3,1
5393,2,3,2,0,2,1,0,1,0,1,2,2,2,6,7,2,1,0,7,4,2
5394,5,2,2,0,2,1,0,1,0,1,2,1,2,7,6,2,1,0,7,4,2
5395,5,2,2,0,7,1,0,1,0,1,2,1,2,6,7,2,1,0,7,4,2
5396,5,3,2,0,7,1,0,1,0,1,2,1,1,6,7,2,1,0,7,4,0
5397,2,3,4,0,2,1,0,1,0,1,2,1,1,6,6,2,1,0,7,4,4
5398,2,3,4,0,8,1,0,1,0,1,2,2,2,6,6,2,1,0,7,4,2
5399,5,2,4,0,7,1,0,1,0,1,2,1,2,7,6,2,1,0,7,4,4
5400,5,2,2,0,2,1,0,1,0,1,2,1,1,7,6,2,1,0,7,4,2
5401,2,3,2,0,2,1,0,1,0,1,2,2,1,6,7,2,1,0,7,4,0
5402,2,2,4,0,2,1,0,1,0,1,2,1,1,6,6,2,1,0,7,4,2
5403,2,3,4,0,2,1,0,1,0,1,2,1,2,7,6,2,1,0,7,4,2
5404,2,3,4,0,8,1,0,1,0,1,2,1,1,7,6,2,1,0,7,4,0
5405,5,3,2,0,2,1,0,1,0,1,2,1,2,7,6,2,1,0,7,4,2
5406,5,2,2,0,2,1,0,1,0,1,2,2,1,7,7,2,1,0,7,4,4
5407,2,2,4,0,2,1,0,1,0,1,2,2,2,6,6,2,1,0,7,4,2
5408,2,2,4,0,7,1,0,1,0,1,2,1,2,7,6,2,1,0,7,4,0
5409,5,2,2,0,2,1,0,1,0,1,2,2,1,6,7,2,1,0,7,4,0
5410,2,2,4,0,2,1,0,1,0,1,2,1,1,7,6,2,1,0,7,4,2
5411,2,2,4,0,2,1,0,1,0,1,2,1,1,6,6,2,1,0,7,4,4
5412,2,3,4,0,2,1,0,1,0,1,2,2,2,6,6,2,1,0,7,4,4
5413,5,2,4,0,7,1,0,1,0,1,2,1,1,7,7,2,1,0,7,4,2
5414,2,2,4,0,8,1,0,1,0,1,2,1,2,7,6,2,1,0,7,4,2
5415,2,2,4,0,8,1,0,1,0,1,2,1,1,6,7,2,1,0,7,4,4
5416,5,2,4,0,8,1,0,1,0,1,2,2,2,7,7,2,1,0,7,4,4
5417,2,3,4,0,2,1,0,1,0,1,2,1,1,7,6,2,1,0,7,4,4
5418,5,2,4,0,8,1,0,1,0,1,2,1,2,6,7,2,1,0,7,4,4
5419,5,2,4,0,8,1,0,1,0,1,2,2,2,6,7,2,1,0,7,4,4
5420,2,2,4,0,2,1,0,1,0,1,2,1,1,7,6,2,1,0,7,4,4
5421,2,3,4,0,2,1,0,1,0,1,2,2,2,6,6,2,1,0,7,4,0
5422,5,3,2,0,8,1,0,1,0,1,2,2,2,6,6,2,1,0,7,4,0
5423,2,2,2,0,2,1,0,1,0,1,2,2,1,7,6,2,1,0,7,4,2
5424,2,3,4,0,7,1,0,1,0,1,2,2,1,6,6,2,1,0,7,4,0
5425,2,2,2,0,8,1,0,1,0,1,2,2,1,7,6,2,1,0,7,4,2
5426,5,2,4,0,2,1,0,1,0,1,2,1,1,6,7,2,1,0,7,4,4
5427,3,0,8,0,5,1,1,0,7,0,2,1,1,7,7,2,2,4,7,2,1
5428,5,2,4,0,2,1,0,1,0,1,2,2,2,7,6,2,1,0,7,4,4
5429,2,2,4,0,2,1,0,1,0,1,2,1,2,7,6,2,1,0,7,4,0
5430,2,3,4,0,8,1,0,1,0,1,2,1,1,7,7,2,1,0,7,4,4
5431,2,2,4,0,2,1,0,1,0,1,2,1,2,7,7,2,1,0,7,4,0
5432,2,3,4,0,8,1,0,1,0,1,2,1,2,6,7,2,1,0,7,4,0
5433,2,3,4,0,2,1,0,1,0,1,2,2,2,7,7,2,1,0,7,4,2
5434,2,2,4,0,2,1,0,1,0,1,2,2,1,6,6,2,1,0,7,4,0
5435,2,3,2,0,8,1,0,1,0,1,2,1,2,6,7,2,1,0,7,4,4
5436,2,2,2,0,2,1,0,1,0,1,2,1,2,7,6,2,1,0,7,4,0
5437,2,2,2,0,7,1,0,1,0,1,2,1,1,6,6,2,1,0,7,4,4
5438,5,2,2,0,8,1,0,1,0,1,2,1,1,6,6,2,1,0,7,4,2
5439,2,3,4,0,7,1,0,1,0,1,2,2,1,7,7,2,1,0,7,4,2
5440,2,3,2,0,7,1,0,1,0,1,2,1,2,7,6,2,1,0,7,4,4
5441,2,2,4,0,2,1,0,1,0,1,2,1,2,6,6,2,1,0,7,4,2
5442,2,3,2,0,7,1,0,1,0,1,2,1,1,7,6,2,1,0,7,4,2
5443,2,2,4,0,7,1,0,1,0,1,2,1,2,7,6,2,1,0,7,4,4
5444,3,3,4,0,8,1,0,1,0,1,2,1,2,7,7,2,1,0,7,4,4
5445,2,3,2,0,2,1,0,1,0,1,2,1,2,6,6,2,1,0,7,4,2
5446,2,2,2,0,7,1,0,1,0,1,2,1,1,6,6,2,1,0,7,4,0
5447,5,3,2,0,2,1,0,1,0,1,2,1,2,7,6,2,1,0,7,4,4
5448,2,2,4,0,8,1,0,1,0,1,2,1,1,6,6,2,1,0,7,4,2
5449,5,2,2,0,7,1,0,1,0,1,2,1,2,6,7,2,1,0,7,4,4
5450,3,3,4,0,8,1,0,1,0,1,2,1,1,7,7,2,1,0,7,4,4
5451,5,2,4,0,7,1,0,1,0,1,2,1,1,7,6,2,1,0,7,4,4
5452,5,3,2,0,2,1,0,1,0,1,2,1,1,7,6,2,1,0,7,4,0
5453,2,3,4,0,8,1,0,1,0,1,2,1,2,7,7,2,1,0,7,4,0
5454,2,2,2,0,8,1,0,1,0,1,2,2,1,6,6,2,1,0,7,4,0
5455,2,2,4,0,2,1,0,1,0,1,2,2,2,7,7,2,1,0,7,4,4
5456,5,2,8,0,5,1,1,0,2,0,2,1,2,7,7,2,2,4,7,3,1
5457,2,3,4,0,8,1,0,1,0,1,2,2,2,7,6,2,1,0,7,4,0
5458,2,2,4,0,2,1,0,1,0,1,2,2,1,7,6,2,1,0,7,4,2
5459,5,3,2,0,8,1,0,1,0,1,2,2,2,6,6,2,1,0,7,4,2
5460,2,2,2,0,7,1,0,1,0,1,2,2,1,7,6,2,1,0,7,4,2
5461,5,2,4,0,7,1,0,1,0,1,2,2,2,7,6,2,1,0,7,4,4
5462,5,3,2,0,2,1,0,1,0,1,2,2,1,6,7,2,1,0,7,4,2
5463,3,0,3,0,5,1,1,0,2,0,2,1,1,7,7,2,2,4,7,3,1
5464,2,2,2,0,7,1,0,1,0,1,2,1,2,7,6,2,1,0,7,4,2
5465,2,3,2,0,7,1,0,1,0,1,2,2,1,7,7,2,1,0,7,4,4
5466,0,0,8,0,5,1,1,0,10,0,2,2,1,7,7,2,2,4,7,3,1
5467,2,2,4,0,8,1,0,1,0,1,2,2,1,6,7,2,1,0,7,4,2
5468,5,3,2,0,7,1,0,1,0,1,2,1,2,7,7,2,1,0,7,4,2
5469,5,3,2,0,2,1,0,1,0,1,2,2,1,6,6,2,1,0,7,4,0
5470,2,2,4,0,7,1,0,1,0,1,2,1,2,7,7,2,1,0,7,4,4
5471,5,2,4,0,2,1,0,1,0,1,2,1,1,6,6,2,1,0,7,4,0
5472,2,2,2,0,7,1,0,1,0,1,2,1,1,7,7,2,1,0,7,4,4
5473,2,2,2,0,7,1,0,1,0,1,2,2,1,6,6,2,1,0,7,4,2
5474,2,2,2,0,7,1,0,1,0,1,2,2,2,6,7,2,1,0,7,4,2
5475,2,3,4,0,8,1,0,1,0,1,2,2,1,6,6,2,1,0,7,4,0
5476,2,3,2,0,8,1,0,1,0,1,2,2,2,7,7,2,1,0,7,4,0
5477,5,2,2,0,7,1,0,1,0,1,2,1,1,6,7,2,1,0,7,4,4
5478,2,2,2,0,8,1,0,1,0,1,2,2,2,6,7,2,1,0,7,4,4
5479,2,3,2,0,2,1,0,1,0,1,2,1,1,7,7,2,1,0,7,4,4
5480,2,3,2,0,7,1,0,1,0,1,2,2,2,6,7,2,1,0,7,4,2
5481,5,2,2,0,2,1,0,1,0,1,2,1,1,7,7,2,1,0,7,4,2
5482,2,2,2,0,7,1,0,1,0,1,2,2,1,6,7,2,1,0,7,4,4
5483,2,3,4,0,7,1,0,1,0,1,2,2,1,6,7,2,1,0,7,4,0
5484,2,3,2,0,7,1,0,1,0,1,2,2,2,7,6,2,1,0,7,4,2
5485,2,3,2,0,7,1,0,1,0,1,2,2,2,7,7,2,1,0,7,4,2
5486,5,2,4,0,2,1,0,1,0,1,2,1,2,6,7,2,1,0,7,4,4
5487,5,2,2,0,8,1,0,1,0,1,2,1,2,6,6,2,1,0,7,4,0
5488,5,3,2,0,2,1,0,1,0,1,2,1,1,6,6,2,1,0,7,4,0
5489,5,2,2,0,7,1,0,1,0,1,2,2,1,7,6,2,1,0,7,4,4
5490,5,3,2,0,8,1,0,1,0,1,2,2,2,6,6,2,1,0,7,4,4
5491,2,3,2,0,2,1,0,1,0,1,2,2,1,7,7,2,1,0,7,4,4
5492,2,2,4,0,7,1,0,1,0,1,2,1,1,6,6,2,1,0,7,4,4
5493,5,3,2,0,2,1,0,1,0,1,2,2,2,7,7,2,1,0,7,4,4
5494,2,2,4,0,2,1,0,1,0,1,2,2,2,7,6,2,1,0,7,4,0
5495,2,3,2,0,8,1,0,1,0,1,2,1,1,7,7,2,1,0,7,4,4
5496,5,3,2,0,2,1,0,1,0,1,2,1,2,6,7,2,1,0,7,4,0
5497,5,2,4,0,7,1,0,1,0,1,2,1,2,6,7,2,1,0,7,4,0
5498,5,2,4,0,2,1,0,1,0,1,2,2,1,7,6,2,1,0,7,4,2
5499,5,2,4,0,8,1,0,1,0,1,2,2,2,7,7,2,1,0,7,4,2
5500,5,3,2,0,7,1,0,1,0,1,2,2,2,6,7,2,1,0,7,4,0
5501,2,2,4,0,8,1,0,1,0,1,2,1,2,6,6,2,1,0,7,4,2
5502,2,2,4,0,8,1,0,1,0,1,2,2,2,7,6,2,1,0,7,4,2
5503,3,3,2,0,8,1,0,1,0,1,2,2,2,6,6,2,1,0,7,4,2
5504,5,2,4,0,8,1,0,1,0,1,2,1,2,7,6,2,1,0,7,4,0
5505,2,3,4,0,8,1,0,1,0,1,2,2,1,6,7,2,1,0,7,4,4
5506,3,2,8,0,5,1,1,0,2,0,2,2,1,7,7,2,2,4,7,2,1
5507,2,2,2,0,8,1,0,1,0,1,2,2,1,7,7,2,1,0,7,4,2
5508,5,2,2,0,8,1,0,1,0,1,2,2,1,6,7,2,1,0,7,4,2
5509,2,3,4,0,2,1,0,1,0,1,2,2,2,7,6,2,1,0,7,4,0
5510,2,3,4,0,7,1,0,1,0,1,2,1,1,6,6,2,1,0,7,4,4
5511,2,3,2,0,8,1,0,1,0,1,2,1,1,6,7,2,1,0,7,4,0
5512,5,2,4,0,2,1,0,1,0,1,2,1,1,6,6,2,1,0,7,4,4
5513,2,3,4,0,7,1,0,1,0,1,2,1,1,7,6,2,1,0,7,4,2
5514,5,2,4,0,7,1,0,1,0,1,2,2,1,7,6,2,1,0,7,4,2
5515,3,3,4,0,8,1,0,1,0,1,2,1,1,6,6,2,1,0,7,4,2
5516,2,2,2,0,7,1,0,1,0,1,2,1,2,7,6,2,1,0,7,4,0
5517,2,3,2,0,7,1,0,1,0,1,2,1,1,6,6,2,1,0,7,4,2
5518,2,3,2,0,2,1,0,1,0,1,2,2,2,7,7,2,1,0,7,4,2
5519,2,3,2,0,7,1,0,1,0,1,2,1,1,7,6,2,1,0,7,4,4
5520,2,3,4,0,2,1,0,1,0,1,2,2,2,7,7,2,1,0,7,4,4
5521,2,3,4,0,2,1,0,1,0,1,2,2,2,7,6,2,1,0,7,4,2
5522,3,3,4,0,8,1,0,1,0,1,2,1,2,6,7,2,1,0,7,4,2
5523,3,3,4,0,8,1,0,1,0,1,2,1,2,6,7,2,1,0,7,4,4
5524,2,2,2,0,8,1,0,1,0,1,2,1,2,7,6,2,1,0,7,4,4
5525,5,2,2,0,8,1,0,1,0,1,2,1,1,7,6,2,1,0,7,4,0
5526,3,2,4,0,2,1,0,1,0,1,2,1,2,6,7,2,1,0,7,4,2
5527,5,2,2,0,2,1,0,1,0,1,2,2,2,6,6,2,1,0,7,4,4
5528,2,2,4,0,2,1,0,1,0,1,2,1,1,6,7,2,1,0,7,4,0
5529,5,2,2,0,7,1,0,1,0,1,2,2,1,7,7,2,1,0,7,4,2
5530,2,2,4,0,8,1,0,1,0,1,2,2,1,6,7,2,1,0,7,4,4
5531,5,2,4,0,2,1,0,1,0,1,2,1,1,7,6,2,1,0,7,4,2
5532,2,3,2,0,8,1,0,1,0,1,2,2,1,7,6,2,1,0,7,4,0
5533,5,2,4,0,2,1,0,1,0,1,2,1,2,7,6,2,1,0,7,4,2
5534,5,2,2,0,8,1,0,1,0,1,2,2,2,7,7,2,1,0,7,4,4
5535,5,2,2,0,7,1,0,1,0,1,2,2,1,7,7,2,1,0,7,4,0
5536,5,2,4,0,7,1,0,1,0,1,2,1,1,6,6,2,1,0,7,4,4
5537,5,3,2,0,7,1,0,1,0,1,2,2,2,7,7,2,1,0,7,4,0
5538,2,3,2,0,8,1,0,1,0,1,2,2,1,6,7,2,1,0,7,4,4
5539,2,2,2,0,7,1,0,1,0,1,2,1,2,6,7,2,1,0,7,4,0
5540,5,2,2,0,8,1,0,1,0,1,2,1,1,7,7,2,1,0,7,4,0
5541,2,3,2,0,8,1,0,1,0,1,2,1,1,7,7,2,1,0,7,4,2
5542,2,2,2,0,8,1,0,1,0,1,2,1,2,7,7,2,1,0,7,4,4
5543,2,2,2,0,7,1,0,1,0,1,2,2,1,6,7,2,1,0,7,4,2
5544,2,3,4,0,2,1,0,1,0,1,2,1,1,7,6,2,1,0,7,4,0
5545,2,2,4,0,7,1,0,1,0,1,2,2,1,7,7,2,1,0,7,4,4
5546,5,2,2,0,2,1,0,1,0,1,2,2,1,7,6,2,1,0,7,4,4
5547,2,3,4,0,7,1,0,1,0,1,2,1,1,6,6,2,1,0,7,4,2
5548,2,2,4,0,7,1,0,1,0,1,2,2,1,6,6,2,1,0,7,4,0
5549,2,3,4,0,2,1,0,1,0,1,2,1,2,6,6,2,1,0,7,4,2
5550,2,2,2,0,7,1,0,1,0,1,2,1,1,6,7,2,1,0,7,4,2
5551,2,3,2,0,2,1,0,1,0,1,2,2,1,6,7,2,1,0,7,4,4
5552,2,3,4,0,8,1,0,1,0,1,2,1,2,7,6,2,1,0,7,4,0
5553,2,2,2,0,8,1,0,1,0,1,2,1,1,7,6,2,1,0,7,4,0
5554,2,2,2,0,2,1,0,1,0,1,2,2,1,7,6,2,1,0,7,4,0
5555,2,3,4,0,7,1,0,1,0,1,2,1,1,6,6,2,1,0,7,4,0
5556,2,2,2,0,2,1,0,1,0,1,2,1,2,7,7,2,1,0,7,4,0
5557,2,2,4,0,2,1,0,1,0,1,2,1,2,6,6,2,1,0,7,4,0
5558,3,3,2,0,7,1,0,1,0,1,2,2,2,6,6,2,1,0,7,4,0
5559,2,3,2,0,2,1,0,1,0,1,2,2,1,7,7,2,1,0,7,4,0
5560,2,2,2,0,2,1,0,1,0,1,2,1,1,7,6,2,1,0,7,4,0
5561,2,3,2,0,8,1,0,1,0,1,2,2,2,7,6,2,1,0,7,4,0
5562,2,3,4,0,7,1,0,1,0,1,2,1,2,7,6,2,1,0,7,4,2
5563,2,3,2,0,2,1,0,1,0,1,2,2,2,6,6,2,1,0,7,4,4
5564,2,2,4,0,7,1,0,1,0,1,2,2,1,6,6,2,1,0,7,4,4
5565,5,3,2,0,8,1,0,1,0,1,2,2,2,7,7,2,1,0,7,4,0
5566,5,0,8,0,5,1,1,0,7,0,2,1,2,7,7,2,2,4,7,2,1
5567,5,2,2,0,7,1,0,1,0,1,2,1,2,7,7,2,1,0,7,4,0
5568,5,2,2,0,2,1,0,1,0,1,2,2,2,6,7,2,1,0,7,4,2
5569,2,3,4,0,8,1,0,1,0,1,2,1,1,6,7,2,1,0,7,4,2
5570,5,2,2,0,8,1,0,1,0,1,2,2,2,6,6,2,1,0,7,4,0
5571,5,2,4,0,8,1,0,1,0,1,2,2,1,7,7,2,1,0,7,4,0
5572,5,2,4,0,2,1,0,1,0,1,2,1,2,7,7,2,1,0,7,4,4
5573,5,2,4,0,8,1,0,1,0,1,2,1,1,7,7,2,1,0,7,4,2
5574,5,0,3,0,5,1,1,0,7,0,2,2,1,7,7,2,2,4,7,2,1
5575,2,3,2,0,2,1,0,1,0,1,2,1,2,7,6,2,1,0,7,4,2
5576,2,3,2,0,2,1,0,1,0,1,2,2,1,7,6,2,1,0,7,4,2
5577,5,3,2,0,8,1,0,1,0,1,2,2,2,7,7,2,1,0,7,4,4
5578,5,2,4,0,8,1,0,1,0,1,2,1,1,6,7,2,1,0,7,4,4
5579,3,2,2,0,8,1,0,1,0,1,2,1,2,6,6,2,1,0,7,4,4
5580,3,3,2,0,2,1,0,1,0,1,2,1,2,7,7,2,1,0,7,4,0
5581,2,3,2,0,7,1,0,1,0,1,2,1,1,6,6,2,1,0,7,4,0
5582,5,2,4,0,2,1,0,1,0,1,2,1,1,7,7,2,1,0,7,4,2
5583,2,2,4,0,7,1,0,1,0,1,2,1,2,7,7,2,1,0,7,4,2
5584,5,2,2,0,7,1,0,1,0,1,2,1,2,7,7,2,1,0,7,4,4
5585,2,3,4,0,8,1,0,1,0,1,2,1,1,7,7,2,1,0,7,4,0
5586,5,2,4,0,7,1,0,1,0,1,2,1,2,7,7,2,1,0,7,4,4
5587,3,0,8,0,5,1,1,0,7,0,2,2,1,7,7,2,2,4,7,2,1
5588,3,3,4,0,2,1,0,1,0,1,2,2,1,6,7,2,1,0,7,4,0
5589,2,2,2,0,2,1,0,1,0,1,2,2,1,6,7,2,1,0,7,4,0
5590,5,3,2,0,2,1,0,1,0,1,2,1,2,6,6,2,1,0,7,4,0
5591,5,2,4,0,7,1,0,1,0,1,2,2,2,6,6,2,1,0,7,4,2
5592,5,2,4,0,8,1,0,1,0,1,2,2,2,7,6,2,1,0,7,4,0
5593,2,3,2,0,8,1,0,1,0,1,2,1,2,7,6,2,1,0,7,4,2
5594,2,3,4,0,7,1,0,1,0,1,2,2,2,7,6,2,1,0,7,4,2
5595,5,3,2,0,8,1,0,1,0,1,2,2,2,7,7,2,1,0,7,4,2
5596,2,2,2,0,8,1,0,1,0,1,2,2,1,6,6,2,1,0,7,4,4
5597,5,2,2,0,7,1,0,1,0,1,2,2,1,6,7,2,1,0,7,4,0
5598,5,2,4,0,7,1,0,1,0,1,2,1,2,6,7,2,1,0,7,4,4
5599,2,3,4,0,2,1,0,1,0,1,2,1,1,7,6,2,1,0,7,4,2
5600,2,3,2,0,7,1,0,1,0,1,2,2,1,7,6,2,1,0,7,4,2
5601,2,3,4,0,7,1,0,1,0,1,2,1,2,7,7,2,1,0,7,4,2
5602,2,3,4,0,2,1,0,1,0,1,2,2,2,7,7,2,1,0,7,4,0
5603,2,2,4,0,8,1,0,1,0,1,2,2,1,6,6,2,1,0,7,4,4
5604,2,3,2,0,2,1,0,1,0,1,2,1,2,6,7,2,1,0,7,4,4
5605,2,3,2,0,7,1,0,1,0,1,2,1,2,7,6,2,1,0,7,4,2
5606,5,3,2,0,7,1,0,1,0,1,2,1,2,7,6,2,1,0,7,4,4
5607,3,2,2,0,2,1,0,1,0,1,2,2,1,6,6,2,1,0,7,4,4
5608,2,3,2,0,7,1,0,1,0,1,2,2,2,6,7,2,1,0,7,4,4
5609,2,3,4,0,8,1,0,1,0,1,2,2,2,7,6,2,1,0,7,4,4
5610,2,2,4,0,7,1,0,1,0,1,2,1,1,6,6,2,1,0,7,4,0
5611,2,2,2,0,8,1,0,1,0,1,2,2,1,7,7,2,1,0,7,4,4
5612,3,2,2,0,2,1,0,1,0,1,2,2,1,7,6,2,1,0,7,4,4
5613,2,3,2,0,7,1,0,1,0,1,2,2,2,7,7,2,1,0,7,4,4
5614,2,2,4,0,7,1,0,1,0,1,2,1,1,6,7,2,1,0,7,4,4
5615,5,2,4,0,8,1,0,1,0,1,2,2,2,6,7,2,1,0,7,4,2
5616,3,2,4,0,8,1,0,1,0,1,2,2,2,6,7,2,1,0,7,4,2
5617,2,2,4,0,2,1,0,1,0,1,2,2,1,7,6,2,1,0,7,4,0
5618,2,2,4,0,8,1,0,1,0,1,2,1,2,7,7,2,1,0,7,4,0
5619,5,2,4,0,8,1,0,1,0,1,2,2,2,7,6,2,1,0,7,4,4
5620,2,2,4,0,8,1,0,1,0,1,2,1,1,7,7,2,1,0,7,4,0
5621,2,3,2,0,2,1,0,1,0,1,2,1,2,6,6,2,1,0,7,4,4
5622,2,3,2,0,8,1,0,1,0,1,2,2,1,6,6,2,1,0,7,4,0
5623,2,2,4,0,2,1,0,1,0,1,2,2,2,6,7,2,1,0,7,4,2
5624,5,2,2,0,2,1,0,1,0,1,2,2,1,7,6,2,1,0,7,4,2
5625,5,2,4,0,7,1,0,1,0,1,2,2,1,7,7,2,1,0,7,4,4
5626,5,2,2,0,8,1,0,1,0,1,2,2,2,6,6,2,1,0,7,4,4
5627,5,2,2,0,7,1,0,1,0,1,2,1,1,6,6,2,1,0,7,4,0
5628,2,3,2,0,2,1,0,1,0,1,2,1,2,6,7,2,1,0,7,4,2
5629,5,2,2,0,8,1,0,1,0,1,2,1,1,6,7,2,1,0,7,4,4
5630,3,2,2,0,8,1,0,1,0,1,2,1,2,6,7,2,1,0,7,4,2
5631,5,3,2,0,2,1,0,1,0,1,2,2,2,7,6,2,1,0,7,4,4
5632,2,2,4,0,2,1,0,1,0,1,2,2,2,7,6,2,1,0,7,4,4
5633,2,2,4,0,8,1,0,1,0,1,2,2,1,6,6,2,1,0,7,4,2
5634,5,2,4,0,2,1,0,1,0,1,2,2,2,7,6,2,1,0,7,4,0
5635,3,3,2,0,8,1,0,1,0,1,2,2,1,7,7,2,1,0,7,4,4
5636,5,2,2,0,8,1,0,1,0,1,2,1,1,6,7,2,1,0,7,4,2
5637,2,3,4,0,7,1,0,1,0,1,2,2,2,6,7,2,1,0,7,4,0
5638,2,3,2,0,7,1,0,1,0,1,2,1,2,7,7,2,1,0,7,4,0
5639,2,3,4,0,7,1,0,1,0,1,2,2,2,6,6,2,1,0,7,4,4
5640,2,2,4,0,7,1,0,1,0,1,2,1,1,6,6,2,1,0,7,4,2
5641,2,2,2,0,8,1,0,1,0,1,2,2,2,7,6,2,1,0,7,4,4
5642,3,3,4,0,8,1,0,1,0,1,2,1,1,7,6,2,1,0,7,4,4
5643,2,3,2,0,8,1,0,1,0,1,2,2,1,7,7,2,1,0,7,4,2
5644,2,2,2,0,7,1,0,1,0,1,2,2,2,6,7,2,1,0,7,4,4
5645,2,2,4,0,2,1,0,1,0,1,2,2,2,7,7,2,1,0,7,4,0
5646,5,2,4,0,8,1,0,1,0,1,2,2,2,7,6,2,1,0,7,4,2
5647,2,3,4,0,7,1,0,1,0,1,2,1,2,6,7,2,1,0,7,4,0
5648,2,3,2,0,7,1,0,1,0,1,2,1,1,7,7,2,1,0,7,4,0
5649,5,3,2,0,7,1,0,1,0,1,2,1,1,6,6,2,1,0,7,4,0
5650,2,2,2,0,7,1,0,1,0,1,2,1,2,7,7,2,1,0,7,4,4
5651,5,2,4,0,7,1,0,1,0,1,2,1,1,7,6,2,1,0,7,4,2
5652,2,2,4,0,8,1,0,1,0,1,2,1,1,6,6,2,1,0,7,4,4
5653,2,2,4,0,7,1,0,1,0,1,2,2,1,7,7,2,1,0,7,4,2
5654,2,2,2,0,8,1,0,1,0,1,2,2,2,6,6,2,1,0,7,4,4
5655,5,2,3,0,5,1,1,0,7,0,2,2,1,7,7,2,2,4,7,2,1
5656,3,3,4,0,8,1,0,1,0,1,2,1,1,6,7,2,1,0,7,4,4
5657,5,3,2,0,7,1,0,1,0,1,2,1,2,7,7,2,1,0,7,4,4
5658,5,2,4,0,7,1,0,1,0,1,2,2,2,7,7,2,1,0,7,4,4
5659,5,2,4,0,7,1,0,1,0,1,2,2,2,7,6,2,1,0,7,4,0
5660,2,3,2,0,7,1,0,1,0,1,2,1,1,6,7,2,1,0,7,4,2
5661,3,3,4,0,2,1,0,1,0,1,2,2,2,6,6,2,1,0,7,4,2
5662,5,2,2,0,2,1,0,1,0,1,2,1,2,6,7,2,1,0,7,4,0
5663,5,2,4,0,7,1,0,1,0,1,2,2,1,7,7,2,1,0,7,4,0
5664,3,3,4,0,8,1,0,1,0,1,2,1,2,6,6,2,1,0,7,4,0
5665,5,3,2,0,2,1,0,1,0,1,2,1,1,6,7,2,1,0,7,4,2
5666,3,2,4,0,2,1,0,1,0,1,2,1,2,6,7,2,1,0,7,4,4
5667,5,2,4,0,2,1,0,1,0,1,2,2,1,7,7,2,1,0,7,4,4
5668,5,3,2,0,2,1,0,1,0,1,2,2,1,6,7,2,1,0,7,4,0
5669,2,2,2,0,8,1,0,1,0,1,2,2,1,7,7,2,1,0,7,4,0
5670,2,2,4,0,7,1,0,1,0,1,2,2,1,7,6,2,1,0,7,4,2
5671,2,2,4,0,2,1,0,1,0,1,2,1,2,6,6,2,1,0,7,4,4
5672,2,2,2,0,8,1,0,1,0,1,2,1,2,6,7,2,1,0,7,4,4
5673,5,3,2,0,7,1,0,1,0,1,2,1,2,7,6,2,1,0,7,4,2
5674,5,2,2,0,2,1,0,1,0,1,2,1,2,6,6,2,1,0,7,4,2
5675,2,2,4,0,7,1,0,1,0,1,2,2,2,6,7,2,1,0,7,4,4
5676,2,3,2,0,7,1,0,1,0,1,2,2,2,7,7,2,1,0,7,4,0
5677,5,2,4,0,2,1,0,1,0,1,2,1,2,6,7,2,1,0,7,4,0
5678,5,2,2,0,7,1,0,1,0,1,2,1,1,7,6,2,1,0,7,4,0
5679,5,2,2,0,8,1,0,1,0,1,2,1,1,7,7,2,1,0,7,4,2
5680,2,2,2,0,2,1,0,1,0,1,2,1,2,6,6,2,1,0,7,4,4
5681,5,3,2,0,7,1,0,1,0,1,2,2,1,7,7,2,1,0,7,4,4
5682,5,2,4,0,8,1,0,1,0,1,2,2,1,6,7,2,1,0,7,4,0
5683,5,2,2,0,7,1,0,1,0,1,2,2,1,7,6,2,1,0,7,4,2
5684,5,2,2,0,8,1,0,1,0,1,2,2,1,7,6,2,1,0,7,4,2
5685,5,2,4,0,8,1,0,1,0,1,2,2,1,7,6,2,1,0,7,4,0
5686,5,2,4,0,7,1,0,1,0,1,2,1,2,6,7,2,1,0,7,4,2
5687,2,2,2,0,8,1,0,1,0,1,2,2,2,6,6,2,1,0,7,4,0
5688,2,3,2,0,2,1,0,1,0,1,2,1,2,7,7,2,1,0,7,4,0
5689,5,2,4,0,7,1,0,1,0,1,2,1,2,7,7,2,1,0,7,4,0
5690,5,2,2,0,2,1,0,1,0,1,2,1,1,6,6,2,1,0,7,4,2
5691,2,2,4,0,7,1,0,1,0,1,2,1,2,7,6,2,1,0,7,4,2
5692,5,2,4,0,2,1,0,1,0,1,2,2,1,6,7,2,1,0,7,4,0
5693,2,2,2,0,8,1,0,1,0,1,2,1,2,6,7,2,1,0,7,4,0
5694,3,3,4,0,8,1,0,1,0,1,2,2,1,7,6,2,1,0,7,4,4
5695,5,2,4,0,8,1,0,1,0,1,2,2,1,6,6,2,1,0,7,4,2
5696,2,3,4,0,8,1,0,1,0,1,2,1,2,7,6,2,1,0,7,4,4
5697,3,3,4,0,8,1,0,1,0,1,2,1,2,7,6,2,1,0,7,4,4
5698,2,2,2,0,7,1,0,1,0,1,2,1,2,7,7,2,1,0,7,4,0
5699,2,2,4,0,2,1,0,1,0,1,2,1,1,6,7,2,1,0,7,4,4
5700,5,2,2,0,8,1,0,1,0,1,2,2,1,7,6,2,1,0,7,4,0
5701,5,2,4,0,2,1,0,1,0,1,2,2,2,6,6,2,1,0,7,4,2
5702,2,3,4,0,8,1,0,1,0,1,2,1,2,6,6,2,1,0,7,4,4
5703,2,3,4,0,7,1,0,1,0,1,2,2,1,6,7,2,1,0,7,4,4
5704,5,2,2,0,8,1,0,1,0,1,2,2,2,7,7,2,1,0,7,4,2
5705,2,3,4,0,8,1,0,1,0,1,2,1,2,7,7,2,1,0,7,4,2
5706,5,3,2,0,7,1,0,1,0,1,2,2,2,6,7,2,1,0,7,4,4
5707,2,3,4,0,8,1,0,1,0,1,2,1,1,7,7,2,1,0,7,4,2
5708,2,3,2,0,7,1,0,1,0,1,2,1,2,7,7,2,1,0,7,4,4
5709,5,3,2,0,2,1,0,1,0,1,2,1,2,6,7,2,1,0,7,4,2
5710,2,2,2,0,8,1,0,1,0,1,2,2,2,6,6,2,1,0,7,4,2
5711,3,2,4,0,7,1,0,1,0,1,2,2,1,7,7,2,1,0,7,4,0
5712,5,3,2,0,2,1,0,1,0,1,2,2,2,6,7,2,1,0,7,4,4
5713,5,2,4,0,2,1,0,1,0,1,2,1,2,6,6,2,1,0,7,4,2
5714,2,2,2,0,7,1,0,1,0,1,2,1,2,6,7,2,1,0,7,4,4
5715,2,2,2,0,8,1,0,1,0,1,2,2,2,7,7,2,1,0,7,4,4
5716,0,0,3,0,5,1,1,0,7,0,2,2,1,7,7,2,2,4,7,3,1
5717,5,2,4,0,8,1,0,1,0,1,2,1,2,7,7,2,1,0,7,4,4
5718,3,2,4,0,7,1,0,1,0,1,2,1,2,7,6,2,1,0,7,4,4
5719,2,2,4,0,8,1,0,1,0,1,2,2,2,6,6,2,1,0,7,4,0
5720,2,3,4,0,7,1,0,1,0,1,2,1,1,6,7,2,1,0,7,4,0
5721,5,3,2,0,7,1,0,1,0,1,2,2,1,7,6,2,1,0,7,4,0
5722,5,2,2,0,7,1,0,1,0,1,2,1,2,6,6,2,1,0,7,4,0
5723,5,2,2,0,7,1,0,1,0,1,2,2,2,7,7,2,1,0,7,4,2
5724,2,2,4,0,7,1,0,1,0,1,2,1,1,7,6,2,1,0,7,4,4
5725,5,2,4,0,8,1,0,1,0,1,2,1,1,6,6,2,1,0,7,4,2
5726,5,3,2,0,7,1,0,1,0,1,2,2,1,7,7,2,1,0,7,4,0
5727,5,2,2,0,2,1,0,1,0,1,2,1,1,6,7,2,1,0,7,4,0
5728,2,2,2,0,2,1,0,1,0,1,2,2,2,6,7,2,1,0,7,4,2
5729,2,2,4,0,2,1,0,1,0,1,2,2,1,6,7,2,1,0,7,4,0
5730,2,2,4,0,7,1,0,1,0,1,2,1,1,7,7,2,1,0,7,4,0
5731,2,3,2,0,8,1,0,1,0,1,2,1,2,6,6,2,1,0,7,4,4
5732,5,2,2,0,8,1,0,1,0,1,2,2,1,6,6,2,1,0,7,4,2
5733,2,3,2,0,7,1,0,1,0,1,2,2,1,7,6,2,1,0,7,4,0
5734,2,3,4,0,8,1,0,1,0,1,2,2,1,6,7,2,1,0,7,4,2
5735,5,3,2,0,2,1,0,1,0,1,2,1,1,7,7,2,1,0,7,4,2
5736,2,3,2,0,7,1,0,1,0,1,2,1,2,6,6,2,1,0,7,4,4
5737,2,2,2,0,2,1,0,1,0,1,2,1,1,7,7,2,1,0,7,4,2
5738,2,2,2,0,2,1,0,1,0,1,2,1,2,6,7,2,1,0,7,4,4
5739,5,2,2,0,8,1,0,1,0,1,2,1,1,7,7,2,1,0,7,4,4
5740,5,2,2,0,2,1,0,1,0,1,2,1,1,6,6,2,1,0,7,4,0
5741,3,3,2,0,7,1,0,1,0,1,2,2,2,7,7,2,1,0,7,4,4
5742,5,3,2,0,2,1,0,1,0,1,2,2,2,7,7,2,1,0,7,4,2
5743,5,2,2,0,8,1,0,1,0,1,2,2,2,6,7,2,1,0,7,4,0
5744,5,2,4,0,8,1,0,1,0,1,2,1,1,6,7,2,1,0,7,4,0
5745,5,2,4,0,7,1,0,1,0,1,2,2,2,7,7,2,1,0,7,4,2
5746,2,2,4,0,8,1,0,1,0,1,2,2,1,6,7,2,1,0,7,4,0
5747,2,3,4,0,7,1,0,1,0,1,2,1,1,7,6,2,1,0,7,4,4
5748,5,2,2,0,7,1,0,1,0,1,2,2,1,7,6,2,1,0,7,4,0
5749,3,2,4,0,2,1,0,1,0,1,2,2,1,6,7,2,1,0,7,4,4
5750,2,2,4,0,8,1,0,1,0,1,2,2,2,7,7,2,1,0,7,4,0
5751,2,3,4,0,2,1,0,1,0,1,2,1,1,7,7,2,1,0,7,4,0
5752,2,3,2,0,8,1,0,1,0,1,2,2,1,6,6,2,1,0,7,4,4
5753,2,3,2,0,7,1,0,1,0,1,2,2,1,6,6,2,1,0,7,4,2
5754,2,3,4,0,2,1,0,1,0,1,2,1,2,6,7,2,1,0,7,4,0
5755,5,2,2,0,8,1,0,1,0,1,2,1,2,7,6,2,1,0,7,4,2
5756,2,3,4,0,7,1,0,1,0,1,2,2,1,7,7,2,1,0,7,4,0
5757,2,2,4,0,7,1,0,1,0,1,2,1,2,7,7,2,1,0,7,4,0
5758,2,2,2,0,2,1,0,1,0,1,2,2,1,6,6,2,1,0,7,4,4
5759,5,2,4,0,8,1,0,1,0,1,2,2,2,6,6,2,1,0,7,4,0
5760,2,3,2,0,2,1,0,1,0,1,2,2,2,7,7,2,1,0,7,4,0
5761,3,3,4,0,8,1,0,1,0,1,2,1,1,6,7,2,1,0,7,4,2
5762,2,2,4,0,8,1,0,1,0,1,2,1,2,7,7,2,1,0,7,4,4
5763,2,3,4,0,2,1,0,1,0,1,2,2,1,6,7,2,1,0,7,4,4
5764,2,2,2,0,8,1,0,1,0,1,2,1,1,6,6,2,1,0,7,4,2
5765,5,2,4,0,2,1,0,1,0,1,2,2,1,7,7,2,1,0,7,4,2
5766,2,2,2,0,2,1,0,1,0,1,2,2,1,6,7,2,1,0,7,4,4
5767,5,2,2,0,2,1,0,1,0,1,2,2,1,7,7,2,1,0,7,4,0
5768,2,3,2,0,7,1,0,1,0,1,2,2,2,6,7,2,1,0,7,4,0
5769,5,2,2,0,8,1,0,1,0,1,2,1,1,6,6,2,1,0,7,4,4
5770,2,2,2,0,7,1,0,1,0,1,2,2,1,7,6,2,1,0,7,4,4
5771,2,2,4,0,2,1,0,1,0,1,2,1,2,7,6,2,1,0,7,4,4
5772,5,2,4,0,8,1,0,1,0,1,2,2,1,6,7,2,1,0,7,4,4
5773,5,2,2,0,7,1,0,1,0,1,2,2,2,6,6,2,1,0,7,4,0
5774,2,2,2,0,7,1,0,1,0,1,2,2,1,7,7,2,1,0,7,4,0
5775,5,2,2,0,2,1,0,1,0,1,2,2,1,6,7,2,1,0,7,4,2
5776,5,2,4,0,7,1,0,1,0,1,2,1,2,7,7,2,1,0,7,4,2
5777,2,2,2,0,2,1,0,1,0,1,2,1,1,6,6,2,1,0,7,4,0
5778,5,3,2,0,7,1,0,1,0,1,2,2,1,7,6,2,1,0,7,4,2
5779,5,2,4,0,8,1,0,1,0,1,2,2,1,6,6,2,1,0,7,4,4
5780,5,3,2,0,7,1,0,1,0,1,2,2,2,7,6,2,1,0,7,4,4
5781,2,2,2,0,8,1,0,1,0,1,2,1,1,7,7,2,1,0,7,4,2
5782,5,2,2,0,7,1,0,1,0,1,2,1,2,7,6,2,1,0,7,4,0
5783,2,3,4,0,2,1,0,1,0,1,2,2,2,6,7,2,1,0,7,4,2
5784,5,2,2,0,2,1,0,1,0,1,2,1,2,7,7,2,1,0,7,4,2
5785,5,2,4,0,7,1,0,1,0,1,2,1,2,7,6,2,1,0,7,4,2
5786,2,2,2,0,8,1,0,1,0,1,2,1,2,7,7,2,1,0,7,4,0
5787,5,2,2,0,7,1,0,1,0,1,2,2,1,6,6,2,1,0,7,4,0
5788,2,2,4,0,8,1,0,1,0,1,2,1,1,7,6,2,1,0,7,4,2
5789,5,3,2,0,7,1,0,1,0,1,2,1,1,7,6,2,1,0,7,4,4
5790,2,3,2,0,8,1,0,1,0,1,2,1,1,6,6,2,1,0,7,4,0
5791,5,3,2,0,7,1,0,1,0,1,2,1,1,6,7,2,1,0,7,4,4
5792,3,3,4,0,8,1,0,1,0,1,2,1,1,7,7,2,1,0,7,4,2
5793,2,3,4,0,8,1,0,1,0,1,2,2,2,7,7,2,1,0,7,4,2
5794,5,3,2,0,2,1,0,1,0,1,2,2,2,6,6,2,1,0,7,4,2
5795,2,2,4,0,8,1,0,1,0,1,2,2,2,7,7,2,1,0,7,4,4
5796,5,2,2,0,7,1,0,1,0,1,2,1,1,6,7,2,1,0,7,4,0
5797,2,2,2,0,8,1,0,1,0,1,2,1,2,6,6,2,1,0,7,4,0
5798,5,0,3,0,5,1,1,0,2,0,2,1,1,7,7,2,2,4,7,3,1
5799,5,2,2,0,8,1,0,1,0,1,2,2,1,7,7,2,1,0,7,4,4
5800,2,2,4,0,2,1,0,1,0,1,2,2,1,6,6,2,1,0,7,4,2
5801,2,2,4,0,7,1,0,1,0,1,2,2,2,6,6,2,1,0,7,4,4
5802,5,2,2,0,2,1,0,1,0,1,2,2,1,7,7,2,1,0,7,4,2
5803,5,2,2,0,8,1,0,1,0,1,2,1,2,7,7,2,1,0,7,4,2
5804,5,2,2,0,7,1,0,1,0,1,2,1,2,7,7,2,1,0,7,4,2
5805,2,3,2,0,8,1,0,1,0,1,2,1,2,7,7,2,1,0,7,4,0
5806,0,0,3,0,5,1,1,0,10,0,2,2,2,7,7,2,2,4,7,3,1
5807,2,3,4,0,7,1,0,1,0,1,2,1,2,7,6,2,1,0,7,4,0
5808,2,3,2,0,2,1,0,1,0,1,2,2,1,6,6,2,1,0,7,4,0
5809,2,3,4,0,7,1,0,1,0,1,2,2,2,6,6,2,1,0,7,4,0
5810,2,2,4,0,2,1,0,1,0,1,2,2,1,6,7,2,1,0,7,4,2
5811,2,3,4,0,2,1,0,1,0,1,2,2,1,7,6,2,1,0,7,4,0
5812,5,3,2,0,7,1,0,1,0,1,2,1,2,6,7,2,1,0,7,4,0
5813,2,3,4,0,7,1,0,1,0,1,2,2,2,7,7,2,1,0,7,4,2
5814,5,2,4,0,8,1,0,1,0,1,2,2,1,6,6,2,1,0,7,4,0
5815,2,3,2,0,2,1,0,1,0,1,2,2,2,6,7,2,1,0,7,4,0
5816,3,0,3,0,5,1,1,0,7,0,2,1,2,7,7,2,2,4,7,3,1
5817,2,2,4,0,7,1,0,1,0,1,2,2,2,7,7,2,1,0,7,4,2
5818,5,2,4,0,7,1,0,1,0,1,2,2,2,6,7,2,1,0,7,4,4
5819,2,3,4,0,7,1,0,1,0,1,2,2,2,6,6,2,1,0,7,4,2
5820,2,2,2,0,7,1,0,1,0,1,2,1,2,7,7,2,1,0,7,4,2
5821,2,3,4,0,8,1,0,1,0,1,2,2,2,6,7,2,1,0,7,4,2
5822,2,2,4,0,2,1,0,1,0,1,2,2,2,6,6,2,1,0,7,4,0
5823,2,3,2,0,8,1,0,1,0,1,2,2,2,6,6,2,1,0,7,4,4
5824,2,3,2,0,2,1,0,1,0,1,2,1,1,6,7,2,1,0,7,4,2
5825,2,2,4,0,7,1,0,1,0,1,2,1,1,7,6,2,1,0,7,4,2
5826,5,2,2,0,8,1,0,1,0,1,2,2,1,7,7,2,1,0,7,4,0
5827,5,0,8,0,5,1,1,0,2,0,2,2,1,7,7,2,2,4,7,2,1
5828,2,2,4,0,2,1,0,1,0,1,2,2,2,6,6,2,1,0,7,4,4
5829,5,2,2,0,8,1,0,1,0,1,2,1,2,6,7,2,1,0,7,4,2
5830,5,2,4,0,8,1,0,1,0,1,2,1,2,6,6,2,1,0,7,4,0
5831,5,2,4,0,8,1,0,1,0,1,2,1,2,6,6,2,1,0,7,4,2
5832,5,2,4,0,2,1,0,1,0,1,2,1,1,6,7,2,1,0,7,4,0
5833,3,3,4,0,8,1,0,1,0,1,2,1,1,6,7,2,1,0,7,4,0
5834,2,2,4,0,8,1,0,1,0,1,2,1,1,7,6,2,1,0,7,4,4
5835,5,3,2,0,8,1,0,1,0,1,2,2,2,7,6,2,1,0,7,4,4
5836,2,2,4,0,8,1,0,1,0,1,2,2,2,6,7,2,1,0,7,4,4
5837,2,2,4,0,2,1,0,1,0,1,2,2,1,7,7,2,1,0,7,4,0
5838,5,2,4,0,7,1,0,1,0,1,2,2,1,7,7,2,1,0,7,4,2
5839,5,2,4,0,2,1,0,1,0,1,2,2,2,6,7,2,1,0,7,4,0
5840,5,3,2,0,7,1,0,1,0,1,2,2,2,7,7,2,1,0,7,4,2
5841,2,2,2,0,2,1,0,1,0,1,2,2,2,7,6,2,1,0,7,4,0
5842,2,2,2,0,7,1,0,1,0,1,2,1,1,7,6,2,1,0,7,4,2
5843,2,3,4,0,2,1,0,1,0,1,2,2,1,7,6,2,1,0,7,4,4
5844,5,2,2,0,7,1,0,1,0,1,2,2,1,6,6,2,1,0,7,4,2
5845,2,2,2,0,7,1,0,1,0,1,2,2,2,7,6,2,1,0,7,4,2
5846,2,3,2,0,7,1,0,1,0,1,2,2,2,6,6,2,1,0,7,4,0
5847,2,3,2,0,8,1,0,1,0,1,2,1,1,6,7,2,1,0,7,4,2
5848,5,3,2,0,7,1,0,1,0,1,2,1,1,7,7,2,1,0,7,4,2
5849,2,3,4,0,2,1,0,1,0,1,2,1,1,7,7,2,1,0,7,4,2
5850,2,2,4,0,2,1,0,1,0,1,2,2,2,7,7,2,1,0,7,4,2
5851,2,2,4,0,8,1,0,1,0,1,2,1,2,6,6,2,1,0,7,4,4
5852,3,3,2,0,2,1,0,1,0,1,2,1,1,7,7,2,1,0,7,4,2
5853,2,2,2,0,8,1,0,1,0,1,2,2,2,7,7,2,1,0,7,4,2
5854,5,2,2,0,7,1,0,1,0,1,2,1,2,6,6,2,1,0,7,4,4
5855,5,3,2,0,8,1,0,1,0,1,2,2,1,7,7,2,1,0,7,4,4
5856,2,3,2,0,2,1,0,1,0,1,2,2,1,7,7,2,1,0,7,4,2
5857,5,3,2,0,7,1,0,1,0,1,2,1,1,7,7,2,1,0,7,4,0
5858,2,3,2,0,2,1,0,1,0,1,2,2,2,7,6,2,1,0,7,4,2
5859,2,3,4,0,8,1,0,1,0,1,2,1,1,6,6,2,1,0,7,4,0
5860,2,3,2,0,8,1,0,1,0,1,2,2,1,6,6,2,1,0,7,4,2
5861,5,3,2,0,7,1,0,1,0,1,2,2,2,7,7,2,1,0,7,4,4
5862,5,2,2,0,8,1,0,1,0,1,2,2,1,6,7,2,1,0,7,4,0
5863,2,2,2,0,2,1,0,1,0,1,2,1,2,6,7,2,1,0,7,4,2
5864,2,2,2,0,2,1,0,1,0,1,2,1,1,6,7,2,1,0,7,4,4
5865,5,2,2,0,2,1,0,1,0,1,2,2,2,7,7,2,1,0,7,4,4
5866,2,2,2,0,8,1,0,1,0,1,2,1,1,7,7,2,1,0,7,4,4
5867,2,2,2,0,7,1,0,1,0,1,2,2,2,7,7,2,1,0,7,4,4
5868,2,2,4,0,8,1,0,1,0,1,2,1,1,6,7,2,1,0,7,4,2
5869,2,3,2,0,2,1,0,1,0,1,2,1,1,6,6,2,1,0,7,4,0
5870,2,3,4,0,7,1,0,1,0,1,2,1,1,6,7,2,1,0,7,4,4
5871,3,2,2,0,2,1,0,1,0,1,2,1,1,7,6,2,1,0,7,4,2
5872,2,2,4,0,8,1,0,1,0,1,2,1,1,6,7,2,1,0,7,4,0
5873,2,3,4,0,8,1,0,1,0,1,2,2,2,6,6,2,1,0,7,4,4
5874,2,2,2,0,7,1,0,1,0,1,2,1,2,6,6,2,1,0,7,4,2
5875,2,3,2,0,8,1,0,1,0,1,2,2,2,7,6,2,1,0,7,4,2
5876,5,2,4,0,8,1,0,1,0,1,2,2,2,6,6,2,1,0,7,4,4
5877,3,3,4,0,8,1,0,1,0,1,2,1,1,6,6,2,1,0,7,4,4
5878,5,3,2,0,7,1,0,1,0,1,2,1,1,7,6,2,1,0,7,4,0
5879,5,2,2,0,2,1,0,1,0,1,2,2,2,7,6,2,1,0,7,4,2
5880,5,2,3,0,5,1,1,0,10,0,2,1,2,7,7,2,2,4,7,2,1
5881,3,3,4,0,8,1,0,1,0,1,2,1,2,6,7,2,1,0,7,4,0
5882,5,2,4,0,8,1,0,1,0,1,2,1,2,7,6,2,1,0,7,4,4
5883,2,2,4,0,7,1,0,1,0,1,2,2,1,7,6,2,1,0,7,4,4
5884,2,2,4,0,7,1,0,1,0,1,2,2,2,7,6,2,1,0,7,4,4
5885,5,2,2,0,7,1,0,1,0,1,2,1,1,7,7,2,1,0,7,4,4
5886,2,2,2,0,2,1,0,1,0,1,2,2,1,6,7,2,1,0,7,4,2
5887,2,3,2,0,2,1,0,1,0,1,2,1,1,7,7,2,1,0,7,4,2
5888,2,3,2,0,2,1,0,1,0,1,2,1,1,7,6,2,1,0,7,4,4
5889,2,2,4,0,2,1,0,1,0,1,2,1,2,7,7,2,1,0,7,4,2
5890,2,2,2,0,2,1,0,1,0,1,2,2,2,6,7,2,1,0,7,4,4
5891,5,2,4,0,2,1,0,1,0,1,2,1,2,7,6,2,1,0,7,4,4
5892,2,2,2,0,2,1,0,1,0,1,2,1,1,6,6,2,1,0,7,4,2
5893,5,2,2,0,7,1,0,1,0,1,2,2,2,7,7,2,1,0,7,4,4
5894,2,2,2,0,8,1,0,1,0,1,2,2,2,7,6,2,1,0,7,4,0
5895,2,3,2,0,2,1,0,1,0,1,2,1,2,7,7,2,1,0,7,4,4
5896,3,3,2,0,7,1,0,1,0,1,2,2,2,6,7,2,1,0,7,4,4
5897,2,2,4,0,7,1,0,1,0,1,2,2,2,7,7,2,1,0,7,4,4
5898,3,3,2,0,7,1,0,1,0,1,2,1,2,7,7,2,1,0,7,4,0
5899,2,2,2,0,8,1,0,1,0,1,2,1,1,6,7,2,1,0,7,4,2
5900,2,3,2,0,7,1,0,1,0,1,2,2,1,7,7,2,1,0,7,4,2
5901,2,2,2,0,2,1,0,1,0,1,2,1,1,6,7,2,1,0,7,4,2
5902,5,2,4,0,2,1,0,1,0,1,2,2,1,7,7,2,1,0,7,4,0
5903,2,3,2,0,7,1,0,1,0,1,2,1,2,6,7,2,1,0,7,4,2
5904,2,3,4,0,7,1,0,1,0,1,2,1,1,7,6,2,1,0,7,4,0
5905,2,2,2,0,2,1,0,1,0,1,2,1,1,6,7,2,1,0,7,4,0
5906,2,3,4,0,2,1,0,1,0,1,2,1,1,7,7,2,1,0,7,4,4
5907,5,2,2,0,2,1,0,1,0,1,2,1,1,7,7,2,1,0,7,4,4
5908,2,2,2,0,7,1,0,1,0,1,2,1,1,7,7,2,1,0,7,4,2
5909,3,3,4,0,8,1,0,1,0,1,2,1,2,7,6,2,1,0,7,4,0
5910,2,2,2,0,2,1,0,1,0,1,2,2,2,7,6,2,1,0,7,4,4
5911,3,2,8,0,5,1,1,0,2,0,2,1,1,7,7,2,2,4,7,3,1
5912,2,3,4,0,8,1,0,1,0,1,2,1,2,6,6,2,1,0,7,4,2
5913,2,3,4,0,8,1,0,1,0,1,2,2,1,6,7,2,1,0,7,4,0
5914,2,3,4,0,8,1,0,1,0,1,2,2,2,6,7,2,1,0,7,4,4
5915,2,2,4,0,7,1,0,1,0,1,2,1,1,7,6,2,1,0,7,4,0
5916,2,2,4,0,8,1,0,1,0,1,2,2,2,7,7,2,1,0,7,4,2
5917,2,3,2,0,8,1,0,1,0,1,2,1,1,6,7,2,1,0,7,4,4
5918,5,2,2,0,2,1,0,1,0,1,2,1,2,7,6,2,1,0,7,4,0
5919,2,3,4,0,2,1,0,1,0,1,2,1,2,6,6,2,1,0,7,4,4
5920,5,2,4,0,2,1,0,1,0,1,2,2,1,6,6,2,1,0,7,4,4
5921,5,2,2,0,2,1,0,1,0,1,2,2,1,6,6,2,1,0,7,4,2
5922,5,2,2,0,8,1,0,1,0,1,2,2,1,7,7,2,1,0,7,4,2
5923,2,3,2,0,8,1,0,1,0,1,2,1,1,7,6,2,1,0,7,4,0
5924,5,2,4,0,8,1,0,1,0,1,2,1,2,6,7,2,1,0,7,4,0
5925,5,2,2,0,7,1,0,1,0,1,2,2,2,7,6,2,1,0,7,4,4
5926,2,2,4,0,2,1,0,1,0,1,2,1,2,6,7,2,1,0,7,4,2
5927,5,2,4,0,8,1,0,1,0,1,2,1,1,6,7,2,1,0,7,4,2
5928,2,3,2,0,8,1,0,1,0,1,2,1,2,7,6,2,1,0,7,4,0
5929,5,2,4,0,2,1,0,1,0,1,2,1,1,7,6,2,1,0,7,4,0
5930,2,3,2,0,2,1,0,1,0,1,2,1,1,6,6,2,1,0,7,4,2
5931,2,2,2,0,2,1,0,1,0,1,2,1,2,7,7,2,1,0,7,4,4
5932,2,3,4,0,2,1,0,1,0,1,2,1,1,6,6,2,1,0,7,4,2
5933,2,3,4,0,8,1,0,1,0,1,2,2,2,7,7,2,1,0,7,4,0
5934,5,3,2,0,2,1,0,1,0,1,2,1,1,6,7,2,1,0,7,4,0
5935,3,0,3,0,5,1,1,0,10,0,2,1,1,7,7,2,2,4,7,2,1
5936,5,2,2,0,8,1,0,1,0,1,2,2,1,6,6,2,1,0,7,4,0
5937,3,3,4,0,8,1,0,1,0,1,2,2,1,6,6,2,1,0,7,4,0
5938,3,3,4,0,7,1,0,1,0,1,2,2,1,7,7,2,1,0,7,4,0
5939,5,3,2,0,7,1,0,1,0,1,2,2,2,6,6,2,1,0,7,4,4
5940,2,2,2,0,2,1,0,1,0,1,2,1,2,7,6,2,1,0,7,4,2
5941,2,2,4,0,7,1,0,1,0,1,2,1,2,6,6,2,1,0,7,4,2
5942,2,2,2,0,7,1,0,1,0,1,2,2,1,7,7,2,1,0,7,4,4
5943,5,2,2,0,2,1,0,1,0,1,2,1,2,7,7,2,1,0,7,4,4
5944,2,2,4,0,7,1,0,1,0,1,2,2,2,6,7,2,1,0,7,4,0
5945,2,3,2,0,7,1,0,1,0,1,2,2,1,6,6,2,1,0,7,4,4
5946,5,2,4,0,7,1,0,1,0,1,2,2,1,6,7,2,1,0,7,4,2
5947,5,3,2,0,2,1,0,1,0,1,2,2,1,6,6,2,1,0,7,4,4
5948,2,2,2,0,8,1,0,1,0,1,2,1,2,6,6,2,1,0,7,4,4
5949,5,2,4,0,8,1,0,1,0,1,2,1,1,6,6,2,1,0,7,4,0
5950,2,2,4,0,2,1,0,1,0,1,2,1,2,6,7,2,1,0,7,4,4
5951,3,2,4,0,8,1,0,1,0,1,2,1,1,7,6,2,1,0,7,4,4
5952,2,2,4,0,8,1,0,1,0,1,2,2,2,6,7,2,1,0,7,4,2
5953,3,3,2,0,2,1,0,1,0,1,2,1,2,7,7,2,1,0,7,4,4
5954,3,2,3,0,5,1,1,0,10,0,2,2,1,7,7,2,2,4,7,2,1
5955,5,0,3,0,5,1,1,0,2,0,2,2,1,7,7,2,2,4,7,3,1
5956,5,2,4,0,7,1,0,1,0,1,2,2,1,7,6,2,1,0,7,4,0
5957,3,3,2,0,2,1,0,1,0,1,2,2,2,7,7,2,1,0,7,4,4
5958,3,2,2,0,7,1,0,1,0,1,2,1,1,7,7,2,1,0,7,4,0
5959,5,2,2,0,2,1,0,1,0,1,2,1,2,7,7,2,1,0,7,4,0
5960,0,2,3,0,5,1,1,0,2,0,2,1,1,7,7,2,2,4,7,2,1
5961,3,3,2,0,2,1,0,1,0,1,2,2,1,7,6,2,1,0,7,4,4
5962,3,2,2,0,7,1,0,1,0,1,2,2,1,6,6,2,1,0,7,4,4
5963,2,2,2,0,7,1,0,1,0,1,2,1,1,7,7,2,1,0,7,4,0
5964,2,3,4,0,8,1,0,1,0,1,2,1,2,6,7,2,1,0,7,4,4
5965,2,2,2,0,7,1,0,1,0,1,2,1,1,7,6,2,1,0,7,4,0
5966,3,0,3,0,5,1,1,0,10,0,2,2,1,7,7,2,2,4,7,3,1
5967,3,2,4,0,7,1,0,1,0,1,2,2,2,7,7,2,1,0,7,4,4
5968,3,2,2,0,8,1,0,1,0,1,2,1,2,6,6,2,1,0,7,4,0
5969,2,2,2,0,2,1,0,1,0,1,2,1,2,7,7,2,1,0,7,4,2
5970,0,0,3,0,5,1,1,0,7,0,2,1,1,7,7,2,2,4,7,2,1
5971,2,3,4,0,7,1,0,1,0,1,2,1,1,7,7,2,1,0,7,4,0
5972,2,2,4,0,8,1,0,1,0,1,2,2,2,7,6,2,1,0,7,4,4
5973,2,2,4,0,8,1,0,1,0,1,2,1,1,7,6,2,1,0,7,4,0
5974,3,3,2,0,8,1,0,1,0,1,2,1,1,7,6,2,1,0,7,4,2
5975,2,2,4,0,7,1,0,1,0,1,2,2,2,7,6,2,1,0,7,4,2
5976,0,2,8,0,5,1,1,0,10,0,2,2,1,7,7,2,2,4,7,2,1
5977,5,3,2,0,2,1,0,1,0,1,2,1,1,6,7,2,1,0,7,4,4
5978,2,3,2,0,8,1,0,1,0,1,2,1,2,6,6,2,1,0,7,4,2
5979,2,2,2,0,8,1,0,1,0,1,2,1,2,7,6,2,1,0,7,4,2
5980,3,3,4,0,2,1,0,1,0,1,2,2,2,6,7,2,1,0,7,4,0
5981,5,0,8,0,5,1,1,0,7,0,2,2,2,7,7,2,2,4,7,3,1
5982,0,2,8,0,5,1,1,0,7,0,2,2,2,7,7,2,2,4,7,2,1
5983,3,2,2,0,8,1,0,1,0,1,2,1,1,7,7,2,1,0,7,4,2
5984,2,3,4,0,8,1,0,1,0,1,2,2,1,7,7,2,1,0,7,4,2
5986,3,2,4,0,7,1,0,1,0,1,2,2,2,6,6,2,1,0,7,4,0
5987,3,2,4,0,8,1,0,1,0,1,2,2,1,7,6,2,1,0,7,4,2
5988,2,3,4,0,7,1,0,1,0,1,2,2,1,7,6,2,1,0,7,4,2
5989,5,2,2,0,2,1,0,1,0,1,2,2,1,7,6,2,1,0,7,4,0
5990,3,3,2,0,7,1,0,1,0,1,2,2,2,6,6,2,1,0,7,4,4
5991,5,2,4,0,7,1,0,1,0,1,2,2,1,6,6,2,1,0,7,4,2
5992,3,2,2,0,2,1,0,1,0,1,2,1,1,7,7,2,1,0,7,4,2
5993,3,3,4,0,2,1,0,1,0,1,2,2,1,7,6,2,1,0,7,4,2
5994,2,3,2,0,2,1,0,1,0,1,2,2,2,7,7,2,1,0,7,4,4
5995,5,0,8,0,5,1,1,0,10,0,2,2,2,7,7,2,2,4,7,3,1
5996,3,2,4,0,7,1,0,1,0,1,2,1,2,7,7,2,1,0,7,4,0
5997,2,2,4,0,2,1,0,1,0,1,2,2,1,6,6,2,1,0,7,4,4
5998,3,2,2,0,8,1,0,1,0,1,2,2,1,6,6,2,1,0,7,4,0
5999,3,2,2,0,7,1,0,1,0,1,2,1,1,7,7,2,1,0,7,4,2
6000,3,3,4,0,7,1,0,1,0,1,2,2,2,6,6,2,1,0,7,4,2
6001,3,0,8,0,5,1,1,0,2,0,2,2,2,7,7,2,2,4,7,3,1
6002,3,2,4,0,2,1,0,1,0,1,2,2,2,6,6,2,1,0,7,4,4
6003,3,3,4,0,7,1,0,1,0,1,2,1,2,6,6,2,1,0,7,4,2
6004,3,2,4,0,7,1,0,1,0,1,2,1,1,7,7,2,1,0,7,4,2
6005,3,2,2,0,7,1,0,1,0,1,2,2,2,7,7,2,1,0,7,4,0
6006,5,2,4,0,8,1,0,1,0,1,2,1,1,7,6,2,1,0,7,4,2
6007,5,3,2,0,7,1,0,1,0,1,2,2,2,6,6,2,1,0,7,4,2
6008,2,2,2,0,8,1,0,1,0,1,2,1,1,6,7,2,1,0,7,4,4
6009,3,3,4,0,2,1,0,1,0,1,2,2,2,6,6,2,1,0,7,4,0
6010,2,2,4,0,2,1,0,1,0,1,2,2,2,6,7,2,1,0,7,4,4
6011,3,3,2,0,2,1,0,1,0,1,2,1,1,6,7,2,1,0,7,4,0
6012,2,2,4,0,2,1,0,1,0,1,2,1,1,7,6,2,1,0,7,4,0
6013,3,2,4,0,8,1,0,1,0,1,2,2,2,7,7,2,1,0,7,4,2
6014,2,3,4,0,7,1,0,1,0,1,2,1,1,7,7,2,1,0,7,4,4
6015,5,2,4,0,7,1,0,1,0,1,2,2,2,6,6,2,1,0,7,4,4
6016,3,0,8,0,5,1,1,0,10,0,2,2,2,7,7,2,2,4,7,3,1
6017,2,3,2,0,2,1,0,1,0,1,2,1,1,7,7,2,1,0,7,4,0
6018,5,2,2,0,8,1,0,1,0,1,2,2,1,6,7,2,1,0,7,4,4
6019,5,2,4,0,2,1,0,1,0,1,2,1,2,7,7,2,1,0,7,4,2
6020,2,2,4,0,2,1,0,1,0,1,2,1,2,7,7,2,1,0,7,4,4
6021,3,2,4,0,8,1,0,1,0,1,2,1,1,7,7,2,1,0,7,4,2
6022,3,2,2,0,2,1,0,1,0,1,2,1,2,7,7,2,1,0,7,4,4
6023,3,2,2,0,7,1,0,1,0,1,2,1,2,6,7,2,1,0,7,4,2
6024,5,2,2,0,2,1,0,1,0,1,2,1,1,7,6,2,1,0,7,4,0
6025,3,2,2,0,8,1,0,1,0,1,2,1,2,6,7,2,1,0,7,4,4
6026,5,2,4,0,2,1,0,1,0,1,2,2,2,7,7,2,1,0,7,4,4
6027,5,3,2,0,2,1,0,1,0,1,2,1,1,7,7,2,1,0,7,4,4
6028,2,2,2,0,7,1,0,1,0,1,2,2,2,6,6,2,1,0,7,4,2
6029,3,2,3,0,5,1,1,0,7,0,2,1,1,7,7,2,2,4,7,2,1
6030,3,3,2,0,8,1,0,1,0,1,2,1,2,7,6,2,1,0,7,4,2
6031,2,2,2,0,8,1,0,1,0,1,2,1,1,6,6,2,1,0,7,4,0
6032,2,3,2,0,7,1,0,1,0,1,2,1,2,6,7,2,1,0,7,4,0
6033,3,3,2,0,7,1,0,1,0,1,2,2,1,7,6,2,1,0,7,4,0
6034,3,0,8,0,5,1,1,0,7,0,2,1,2,7,7,2,2,4,7,3,1
6035,5,2,3,0,5,1,1,0,10,0,2,2,1,7,7,2,2,4,7,3,1
6036,3,3,2,0,7,1,0,1,0,1,2,2,2,7,7,2,1,0,7,4,0
6037,3,3,4,0,7,1,0,1,0,1,2,1,2,7,6,2,1,0,7,4,2
6038,3,2,2,0,7,1,0,1,0,1,2,1,2,7,7,2,1,0,7,4,4
6039,5,2,8,0,5,1,1,0,10,0,2,1,1,7,7,2,2,4,7,3,1
6040,3,2,8,0,5,1,1,0,2,0,2,1,1,7,7,2,2,4,7,2,1
6041,3,2,8,0,5,1,1,0,7,0,2,1,2,7,7,2,2,4,7,3,1
6042,3,2,2,0,2,1,0,1,0,1,2,1,2,6,7,2,1,0,7,4,2
6043,5,2,2,0,7,1,0,1,0,1,2,2,2,6,7,2,1,0,7,4,4
6044,3,2,3,0,5,1,1,0,10,0,2,2,1,7,7,2,2,4,7,3,1
6045,5,0,8,0,5,1,1,0,2,0,2,2,1,7,7,2,2,4,7,3,1
6046,3,3,2,0,2,1,0,1,0,1,2,2,1,7,7,2,1,0,7,4,0
6047,0,2,8,0,5,1,1,0,2,0,2,2,2,7,7,2,2,4,7,3,1
6048,3,2,2,0,7,1,0,1,0,1,2,2,2,7,6,2,1,0,7,4,4
6049,2,2,4,0,2,1,0,1,0,1,2,2,1,7,7,2,1,0,7,4,4
6050,2,3,4,0,2,1,0,1,0,1,2,2,1,6,6,2,1,0,7,4,0
6051,3,2,3,0,5,1,1,0,7,0,2,2,1,7,7,2,2,4,7,3,1
6052,5,2,8,0,5,1,1,0,10,0,2,2,2,7,7,2,2,4,7,2,1
6053,2,3,2,0,8,1,0,1,0,1,2,2,2,7,6,2,1,0,7,4,4
6054,5,2,2,0,2,1,0,1,0,1,2,2,2,7,7,2,1,0,7,4,0
6055,5,0,8,0,5,1,1,0,2,0,2,1,1,7,7,2,2,4,7,3,1
6056,3,0,8,0,5,1,1,0,2,0,2,1,1,7,7,2,2,4,7,2,1
6057,2,2,2,0,7,1,0,1,0,1,2,1,1,6,7,2,1,0,7,4,0
6059,3,2,2,0,8,1,0,1,0,1,2,1,2,7,6,2,1,0,7,4,0
6060,5,2,4,0,8,1,0,1,0,1,2,2,1,7,6,2,1,0,7,4,4
6061,3,3,2,0,7,1,0,1,0,1,2,1,2,7,7,2,1,0,7,4,2
6062,5,2,2,0,8,1,0,1,0,1,2,1,2,6,7,2,1,0,7,4,0
6063,5,2,4,0,7,1,0,1,0,1,2,1,2,7,6,2,1,0,7,4,0
6064,3,2,2,0,8,1,0,1,0,1,2,1,1,7,7,2,1,0,7,4,0
6065,5,2,4,0,8,1,0,1,0,1,2,2,1,7,7,2,1,0,7,4,2
6066,3,0,8,0,5,1,1,0,2,0,2,1,2,7,7,2,2,4,7,2,1
6067,5,0,3,0,5,1,1,0,2,0,2,2,2,7,7,2,2,4,7,3,1
6068,3,3,2,0,7,1,0,1,0,1,2,1,2,7,6,2,1,0,7,4,4
6069,3,0,8,0,5,1,1,0,7,0,2,2,2,7,7,2,2,4,7,2,1
6070,5,0,3,0,5,1,1,0,2,0,2,1,2,7,7,2,2,4,7,3,1
6071,3,3,4,0,8,1,0,1,0,1,2,1,1,7,6,2,1,0,7,4,0
6072,3,3,4,0,7,1,0,1,0,1,2,1,2,6,7,2,1,0,7,4,2
6073,2,3,4,0,7,1,0,1,0,1,2,1,2,7,7,2,1,0,7,4,0
6074,2,3,2,0,8,1,0,1,0,1,2,1,2,7,6,2,1,0,7,4,4
6075,3,0,3,0,5,1,1,0,7,0,2,2,1,7,7,2,2,4,7,2,1
6076,2,3,2,0,7,1,0,1,0,1,2,1,1,7,6,2,1,0,7,4,0
6077,2,3,4,0,7,1,0,1,0,1,2,1,2,7,6,2,1,0,7,4,4
6078,3,2,2,0,7,1,0,1,0,1,2,1,2,6,6,2,1,0,7,4,2
6079,3,2,3,0,5,1,1,0,10,0,2,1,1,7,7,2,2,4,7,3,1
6080,3,3,4,0,2,1,0,1,0,1,2,1,1,7,7,2,1,0,7,4,2
6081,5,2,4,0,7,1,0,1,0,1,2,1,2,6,6,2,1,0,7,4,4
6082,3,2,4,0,8,1,0,1,0,1,2,1,2,7,7,2,1,0,7,4,0
6083,3,2,4,0,8,1,0,1,0,1,2,1,1,6,7,2,1,0,7,4,4
6084,3,2,2,0,7,1,0,1,0,1,2,2,1,7,7,2,1,0,7,4,2
6085,2,2,2,0,7,1,0,1,0,1,2,2,2,7,6,2,1,0,7,4,4
6086,5,2,2,0,7,1,0,1,0,1,2,2,2,6,6,2,1,0,7,4,4
6087,5,2,2,0,8,1,0,1,0,1,2,2,2,7,7,2,1,0,7,4,0
6088,5,2,4,0,7,1,0,1,0,1,2,2,2,6,7,2,1,0,7,4,0
6089,3,3,4,0,8,1,0,1,0,1,2,2,1,7,7,2,1,0,7,4,0
6090,2,2,2,0,8,1,0,1,0,1,2,2,1,7,6,2,1,0,7,4,0
6091,3,2,4,0,2,1,0,1,0,1,2,2,2,7,7,2,1,0,7,4,2
6092,3,2,3,0,5,1,1,0,2,0,2,1,1,7,7,2,2,4,7,3,1
6093,3,2,4,0,2,1,0,1,0,1,2,1,2,6,7,2,1,0,7,4,0
6094,2,3,4,0,8,1,0,1,0,1,2,1,1,6,7,2,1,0,7,4,4
6095,3,2,4,0,7,1,0,1,0,1,2,2,1,6,7,2,1,0,7,4,4
6096,3,3,2,0,8,1,0,1,0,1,2,2,1,6,7,2,1,0,7,4,0
6097,2,3,2,0,2,1,0,1,0,1,2,1,2,6,7,2,1,0,7,4,0
6098,2,3,4,0,2,1,0,1,0,1,2,2,1,6,7,2,1,0,7,4,2
6099,3,2,2,0,2,1,0,1,0,1,2,2,1,7,6,2,1,0,7,4,0
6100,5,2,2,0,8,1,0,1,0,1,2,1,2,6,6,2,1,0,7,4,2
6101,2,3,2,0,8,1,0,1,0,1,2,1,1,6,6,2,1,0,7,4,2
6102,5,2,4,0,2,1,0,1,0,1,2,2,2,6,7,2,1,0,7,4,4
6103,2,2,2,0,7,1,0,1,0,1,2,2,1,6,6,2,1,0,7,4,0
6104,5,3,2,0,7,1,0,1,0,1,2,2,1,6,7,2,1,0,7,4,4
6105,5,3,2,0,2,1,0,1,0,1,2,2,1,7,7,2,1,0,7,4,0
6106,5,2,2,0,7,1,0,1,0,1,2,1,1,6,6,2,1,0,7,4,4
6107,3,2,2,0,2,1,0,1,0,1,2,1,1,6,6,2,1,0,7,4,2
6108,5,2,2,0,8,1,0,1,0,1,2,2,2,7,6,2,1,0,7,4,2
6109,0,0,3,0,5,1,1,0,10,0,2,1,2,7,7,2,2,4,7,3,1
6110,3,3,2,0,7,1,0,1,0,1,2,1,2,6,7,2,1,0,7,4,4
6111,3,2,2,0,7,1,0,1,0,1,2,2,1,6,7,2,1,0,7,4,2
6112,3,0,3,0,5,1,1,0,2,0,2,2,2,7,7,2,2,4,7,2,1
6113,3,2,2,0,7,1,0,1,0,1,2,2,1,7,6,2,1,0,7,4,0
6114,2,2,4,0,2,1,0,1,0,1,2,1,1,7,7,2,1,0,7,4,2
6115,3,3,4,0,2,1,0,1,0,1,2,1,1,7,6,2,1,0,7,4,4
6116,3,2,2,0,8,1,0,1,0,1,2,2,2,7,6,2,1,0,7,4,2
6117,3,3,4,0,8,1,0,1,0,1,2,2,2,7,7,2,1,0,7,4,4
6118,3,3,4,0,8,1,0,1,0,1,2,2,1,7,6,2,1,0,7,4,2
6119,5,0,3,0,5,1,1,0,2,0,2,1,1,7,7,2,2,4,7,2,1
6120,3,3,2,0,2,1,0,1,0,1,2,1,1,7,6,2,1,0,7,4,4
6121,3,3,2,0,7,1,0,1,0,1,2,1,1,7,6,2,1,0,7,4,4
6122,3,3,2,0,7,1,0,1,0,1,2,1,1,6,7,2,1,0,7,4,2
6123,0,2,8,0,5,1,1,0,7,0,2,2,1,7,7,2,2,4,7,3,1
6124,3,2,4,0,8,1,0,1,0,1,2,1,1,6,7,2,1,0,7,4,0
6125,5,2,2,0,8,1,0,1,0,1,2,2,1,6,6,2,1,0,7,4,4
6126,2,3,4,0,2,1,0,1,0,1,2,1,2,6,7,2,1,0,7,4,2
6127,2,2,2,0,8,1,0,1,0,1,2,1,1,6,6,2,1,0,7,4,4
6128,3,3,2,0,2,1,0,1,0,1,2,2,1,6,7,2,1,0,7,4,0
6129,3,3,2,0,2,1,0,1,0,1,2,1,2,7,6,2,1,0,7,4,0
6130,0,0,8,0,5,1,1,0,10,0,2,2,2,7,7,2,2,4,7,2,1
6131,2,3,2,0,8,1,0,1,0,1,2,1,2,6,7,2,1,0,7,4,0
6132,3,2,4,0,2,1,0,1,0,1,2,2,1,7,6,2,1,0,7,4,4
6133,3,3,4,0,2,1,0,1,0,1,2,1,2,7,6,2,1,0,7,4,4
6134,5,2,2,0,7,1,0,1,0,1,2,1,1,7,7,2,1,0,7,4,2
6136,2,2,4,0,8,1,0,1,0,1,2,1,2,6,7,2,1,0,7,4,0
6137,3,3,2,0,8,1,0,1,0,1,2,1,2,7,7,2,1,0,7,4,4
6138,3,0,8,0,5,1,1,0,10,0,2,1,1,7,7,2,2,4,7,2,1
6139,5,2,4,0,7,1,0,1,0,1,2,1,2,6,6,2,1,0,7,4,0
6140,3,3,4,0,8,1,0,1,0,1,2,2,2,6,7,2,1,0,7,4,0
6141,5,2,2,0,7,1,0,1,0,1,2,2,2,6,7,2,1,0,7,4,0
6142,3,2,8,0,5,1,1,0,10,0,2,2,1,7,7,2,2,4,7,2,1
6143,2,3,4,0,7,1,0,1,0,1,2,2,2,7,6,2,1,0,7,4,4
6144,3,2,2,0,7,1,0,1,0,1,2,1,1,7,6,2,1,0,7,4,4
6145,3,2,2,0,8,1,0,1,0,1,2,1,1,7,7,2,1,0,7,4,4
6146,2,3,2,0,2,1,0,1,0,1,2,2,1,6,6,2,1,0,7,4,2
6147,2,3,4,0,8,1,0,1,0,1,2,1,1,6,7,2,1,0,7,4,0
6148,3,3,2,0,8,1,0,1,0,1,2,2,2,6,7,2,1,0,7,4,0
6149,3,2,2,0,8,1,0,1,0,1,2,2,1,7,7,2,1,0,7,4,0
6150,3,2,2,0,2,1,0,1,0,1,2,2,1,6,7,2,1,0,7,4,2
6151,3,2,3,0,5,1,1,0,7,0,2,1,1,7,7,2,2,4,7,3,1
6152,5,0,3,0,5,1,1,0,7,0,2,1,1,7,7,2,2,4,7,2,1
6153,3,2,2,0,8,1,0,1,0,1,2,2,2,7,6,2,1,0,7,4,0
6154,2,3,2,0,2,1,0,1,0,1,2,2,1,7,6,2,1,0,7,4,0
6155,3,2,4,0,7,1,0,1,0,1,2,1,1,6,7,2,1,0,7,4,0
6156,3,2,4,0,8,1,0,1,0,1,2,1,2,6,7,2,1,0,7,4,4
6157,0,2,8,0,5,1,1,0,7,0,2,1,2,7,7,2,2,4,7,2,1
6158,2,2,4,0,7,1,0,1,0,1,2,2,2,6,6,2,1,0,7,4,0
6159,0,0,3,0,5,1,1,0,7,0,2,2,1,7,7,2,2,4,7,2,1
6160,5,2,4,0,2,1,0,1,0,1,2,1,2,7,7,2,1,0,7,4,0
6161,5,3,2,0,2,1,0,1,0,1,2,2,1,7,7,2,1,0,7,4,2
6162,2,2,4,0,7,1,0,1,0,1,2,2,2,7,6,2,1,0,7,4,0
6163,5,3,2,0,7,1,0,1,0,1,2,2,2,6,7,2,1,0,7,4,2
6164,2,2,4,0,7,1,0,1,0,1,2,1,1,7,7,2,1,0,7,4,2
6165,2,3,2,0,2,1,0,1,0,1,2,1,2,7,6,2,1,0,7,4,4
6166,2,2,2,0,2,1,0,1,0,1,2,1,1,7,6,2,1,0,7,4,2
6167,5,2,2,0,7,1,0,1,0,1,2,1,1,7,7,2,1,0,7,4,0
6168,3,2,3,0,5,1,1,0,10,0,2,1,2,7,7,2,2,4,7,3,1
6169,5,2,2,0,8,1,0,1,0,1,2,2,2,6,7,2,1,0,7,4,4
6170,3,2,4,0,8,1,0,1,0,1,2,1,2,7,6,2,1,0,7,4,2
6171,3,3,2,0,7,1,0,1,0,1,2,1,2,7,6,2,1,0,7,4,2
6172,5,2,4,0,8,1,0,1,0,1,2,1,1,7,6,2,1,0,7,4,4
6173,0,2,3,0,5,1,1,0,2,0,2,2,1,7,7,2,2,4,7,2,1
6174,5,2,4,0,7,1,0,1,0,1,2,2,2,7,6,2,1,0,7,4,2
6175,2,2,2,0,7,1,0,1,0,1,2,2,2,7,7,2,1,0,7,4,0
6176,3,2,4,0,7,1,0,1,0,1,2,2,2,6,7,2,1,0,7,4,0
6177,0,2,3,0,5,1,1,0,10,0,2,2,2,7,7,2,2,4,7,3,1
6178,5,2,4,0,8,1,0,1,0,1,2,1,1,6,6,2,1,0,7,4,4
6179,2,3,2,0,8,1,0,1,0,1,2,2,1,7,7,2,1,0,7,4,4
6180,2,2,2,0,8,1,0,1,0,1,2,2,1,6,7,2,1,0,7,4,0
6181,0,0,3,0,5,1,1,0,2,0,2,1,2,7,7,2,2,4,7,3,1
6182,2,2,2,0,2,1,0,1,0,1,2,1,1,6,6,2,1,0,7,4,4
6183,3,2,4,0,2,1,0,1,0,1,2,2,1,6,6,2,1,0,7,4,2
6184,3,2,3,0,5,1,1,0,7,0,2,2,1,7,7,2,2,4,7,2,1
6185,3,3,4,0,2,1,0,1,0,1,2,1,1,6,6,2,1,0,7,4,2
6186,5,2,2,0,7,1,0,1,0,1,2,1,1,6,6,2,1,0,7,4,2
6187,3,3,4,0,2,1,0,1,0,1,2,2,1,6,7,2,1,0,7,4,2
6188,2,3,4,0,7,1,0,1,0,1,2,1,1,7,7,2,1,0,7,4,2
6189,3,2,4,0,2,1,0,1,0,1,2,1,1,6,7,2,1,0,7,4,2
6190,3,2,4,0,2,1,0,1,0,1,2,1,1,6,6,2,1,0,7,4,0
6191,3,2,4,0,7,1,0,1,0,1,2,1,2,6,6,2,1,0,7,4,4
6192,3,2,4,0,7,1,0,1,0,1,2,2,2,6,7,2,1,0,7,4,4
6193,0,2,8,0,5,1,1,0,2,0,2,1,1,7,7,2,2,4,7,2,1
6194,3,2,2,0,7,1,0,1,0,1,2,2,2,6,6,2,1,0,7,4,4
6195,0,2,3,0,5,1,1,0,10,0,2,2,2,7,7,2,2,4,7,2,1
6196,3,3,2,0,8,1,0,1,0,1,2,1,1,6,7,2,1,0,7,4,4
6197,3,3,4,0,7,1,0,1,0,1,2,2,2,7,7,2,1,0,7,4,0
6198,5,2,2,0,8,1,0,1,0,1,2,1,2,7,7,2,1,0,7,4,4
6199,5,2,4,0,2,1,0,1,0,1,2,1,2,6,6,2,1,0,7,4,0
6200,2,2,2,0,8,1,0,1,0,1,2,1,2,7,7,2,1,0,7,4,2
6201,2,3,2,0,7,1,0,1,0,1,2,2,2,6,6,2,1,0,7,4,4
6202,5,3,2,0,7,1,0,1,0,1,2,1,2,6,6,2,1,0,7,4,4
6203,3,2,2,0,2,1,0,1,0,1,2,1,1,7,7,2,1,0,7,4,0
6204,2,2,2,0,2,1,0,1,0,1,2,2,2,7,7,2,1,0,7,4,0
6205,3,2,4,0,7,1,0,1,0,1,2,1,1,6,7,2,1,0,7,4,4
6206,2,3,4,0,8,1,0,1,0,1,2,2,2,7,7,2,1,0,7,4,4
6207,2,2,2,0,2,1,0,1,0,1,2,1,2,6,6,2,1,0,7,4,0
6208,3,0,3,0,5,1,1,0,10,0,2,2,2,7,7,2,2,4,7,2,1
6209,3,2,4,0,2,1,0,1,0,1,2,2,1,7,6,2,1,0,7,4,0
6210,0,0,8,0,5,1,1,0,7,0,2,1,2,7,7,2,2,4,7,3,1
6211,3,2,2,0,8,1,0,1,0,1,2,1,1,6,7,2,1,0,7,4,2
6212,5,2,3,0,5,1,1,0,7,0,2,1,1,7,7,2,2,4,7,2,1
6213,3,2,2,0,2,1,0,1,0,1,2,1,2,7,6,2,1,0,7,4,4
6214,3,3,4,0,2,1,0,1,0,1,2,2,2,7,6,2,1,0,7,4,2
6215,3,0,3,0,5,1,1,0,2,0,2,1,1,7,7,2,2,4,7,2,1
6216,5,2,4,0,8,1,0,1,0,1,2,2,2,6,6,2,1,0,7,4,2
6217,3,3,4,0,7,1,0,1,0,1,2,2,2,7,6,2,1,0,7,4,2
6218,5,0,8,0,5,1,1,0,2,0,2,1,2,7,7,2,2,4,7,2,1
6219,3,3,2,0,2,1,0,1,0,1,2,1,2,6,7,2,1,0,7,4,4
6220,3,2,2,0,2,1,0,1,0,1,2,1,2,6,6,2,1,0,7,4,2
6221,3,2,2,0,2,1,0,1,0,1,2,1,1,6,7,2,1,0,7,4,2
6222,3,3,2,0,7,1,0,1,0,1,2,1,2,7,7,2,1,0,7,4,4
6223,3,3,4,0,7,1,0,1,0,1,2,2,2,6,7,2,1,0,7,4,4
6224,3,2,3,0,5,1,1,0,2,0,2,1,1,7,7,2,2,4,7,2,1
6225,3,3,4,0,2,1,0,1,0,1,2,1,1,6,6,2,1,0,7,4,4
6226,3,2,2,0,2,1,0,1,0,1,2,2,2,7,6,2,1,0,7,4,2
6227,5,2,3,0,5,1,1,0,10,0,2,2,1,7,7,2,2,4,7,2,1
6228,3,2,3,0,5,1,1,0,2,0,2,1,2,7,7,2,2,4,7,2,1
6229,5,2,2,0,7,1,0,1,0,1,2,1,2,7,6,2,1,0,7,4,4
6230,3,2,4,0,2,1,0,1,0,1,2,2,2,7,7,2,1,0,7,4,0
6231,3,2,4,0,7,1,0,1,0,1,2,2,1,7,6,2,1,0,7,4,4
6232,5,2,3,0,5,1,1,0,7,0,2,1,2,7,7,2,2,4,7,3,1
6233,3,3,2,0,7,1,0,1,0,1,2,1,1,6,6,2,1,0,7,4,4
6234,3,2,8,0,5,1,1,0,10,0,2,1,1,7,7,2,2,4,7,2,1
6235,0,2,3,0,5,1,1,0,2,0,2,1,1,7,7,2,2,4,7,3,1
6236,2,3,4,0,8,1,0,1,0,1,2,2,1,7,7,2,1,0,7,4,4
6237,0,2,3,0,5,1,1,0,10,0,2,1,2,7,7,2,2,4,7,2,1
6238,0,2,3,0,5,1,1,0,7,0,2,1,1,7,7,2,2,4,7,2,1
6239,3,2,4,0,2,1,0,1,0,1,2,1,2,7,7,2,1,0,7,4,2
6240,3,3,4,0,8,1,0,1,0,1,2,2,1,6,7,2,1,0,7,4,4
6241,3,2,2,0,8,1,0,1,0,1,2,1,1,6,6,2,1,0,7,4,4
6242,2,2,2,0,8,1,0,1,0,1,2,2,1,7,6,2,1,0,7,4,4
6243,3,2,4,0,8,1,0,1,0,1,2,2,1,6,6,2,1,0,7,4,2
6244,3,2,4,0,7,1,0,1,0,1,2,2,1,7,6,2,1,0,7,4,2
6245,3,0,3,0,5,1,1,0,10,0,2,1,1,7,7,2,2,4,7,3,1
6246,3,2,4,0,7,1,0,1,0,1,2,1,2,6,7,2,1,0,7,4,2
6247,3,3,2,0,7,1,0,1,0,1,2,2,1,7,6,2,1,0,7,4,2
6248,3,3,2,0,8,1,0,1,0,1,2,1,2,6,6,2,1,0,7,4,4
6249,3,2,4,0,8,1,0,1,0,1,2,2,2,6,6,2,1,0,7,4,2
6250,3,2,2,0,8,1,0,1,0,1,2,2,2,7,7,2,1,0,7,4,0
6251,3,2,4,0,8,1,0,1,0,1,2,1,1,7,6,2,1,0,7,4,0
6252,3,2,8,0,5,1,1,0,7,0,2,2,2,7,7,2,2,4,7,3,1
6253,3,3,2,0,2,1,0,1,0,1,2,2,2,7,6,2,1,0,7,4,0
6254,3,3,4,0,2,1,0,1,0,1,2,1,1,6,7,2,1,0,7,4,0
6255,3,0,3,0,5,1,1,0,2,0,2,2,2,7,7,2,2,4,7,3,1
6256,2,2,4,0,8,1,0,1,0,1,2,1,2,6,7,2,1,0,7,4,4
6257,5,2,3,0,5,1,1,0,10,0,2,2,2,7,7,2,2,4,7,2,1
6258,3,3,4,0,2,1,0,1,0,1,2,2,1,6,7,2,1,0,7,4,4
6259,2,2,2,0,2,1,0,1,0,1,2,2,1,6,6,2,1,0,7,4,0
6260,5,0,8,0,5,1,1,0,7,0,2,1,1,7,7,2,2,4,7,2,1
6261,3,3,4,0,7,1,0,1,0,1,2,1,2,7,7,2,1,0,7,4,2
6262,0,0,3,0,5,1,1,0,10,0,2,2,2,7,7,2,2,4,7,2,1
6263,3,3,2,0,8,1,0,1,0,1,2,1,1,7,6,2,1,0,7,4,4
6264,5,3,2,0,7,1,0,1,0,1,2,1,2,6,6,2,1,0,7,4,0
6265,3,2,2,0,8,1,0,1,0,1,2,1,1,7,6,2,1,0,7,4,2
6266,3,0,3,0,5,1,1,0,2,0,2,2,1,7,7,2,2,4,7,2,1
6267,3,0,8,0,5,1,1,0,7,0,2,2,2,7,7,2,2,4,7,3,1
6268,3,3,2,0,7,1,0,1,0,1,2,2,1,7,7,2,1,0,7,4,0
6269,3,2,3,0,5,1,1,0,2,0,2,2,2,7,7,2,2,4,7,2,1
6270,3,2,4,0,2,1,0,1,0,1,2,2,1,6,7,2,1,0,7,4,0
6271,3,3,4,0,8,1,0,1,0,1,2,2,2,6,7,2,1,0,7,4,2
6272,3,2,8,0,5,1,1,0,10,0,2,1,2,7,7,2,2,4,7,3,1
6273,3,3,2,0,8,1,0,1,0,1,2,1,1,6,7,2,1,0,7,4,2
6274,0,2,8,0,5,1,1,0,10,0,2,1,2,7,7,2,2,4,7,3,1
6275,3,2,4,0,8,1,0,1,0,1,2,2,1,6,6,2,1,0,7,4,0
6276,5,2,8,0,5,1,1,0,10,0,2,2,1,7,7,2,2,4,7,2,1
6277,3,2,4,0,7,1,0,1,0,1,2,1,2,7,6,2,1,0,7,4,0
6278,3,3,2,0,2,1,0,1,0,1,2,2,1,6,7,2,1,0,7,4,4
6279,5,0,8,0,5,1,1,0,10,0,2,2,2,7,7,2,2,4,7,2,1
6280,3,2,2,0,8,1,0,1,0,1,2,1,1,6,7,2,1,0,7,4,4
6281,3,2,4,0,2,1,0,1,0,1,2,1,1,7,7,2,1,0,7,4,2
6282,3,3,4,0,8,1,0,1,0,1,2,2,2,6,7,2,1,0,7,4,4
6283,3,2,2,0,2,1,0,1,0,1,2,2,1,7,7,2,1,0,7,4,0
6284,3,3,4,0,2,1,0,1,0,1,2,1,2,6,7,2,1,0,7,4,2
6285,3,2,3,0,5,1,1,0,10,0,2,2,2,7,7,2,2,4,7,2,1
6286,2,3,2,0,8,1,0,1,0,1,2,1,1,7,6,2,1,0,7,4,2
6287,3,3,2,0,8,1,0,1,0,1,2,2,2,6,7,2,1,0,7,4,4
6288,3,2,2,0,7,1,0,1,0,1,2,1,1,6,6,2,1,0,7,4,2
6289,3,3,2,0,7,1,0,1,0,1,2,2,1,6,6,2,1,0,7,4,2
6291,3,2,3,0,5,1,1,0,7,0,2,1,2,7,7,2,2,4,7,2,1
6292,2,3,2,0,7,1,0,1,0,1,2,2,1,6,7,2,1,0,7,4,4
6293,3,2,2,0,7,1,0,1,0,1,2,1,1,7,7,2,1,0,7,4,4
6294,3,3,2,0,7,1,0,1,0,1,2,2,2,7,7,2,1,0,7,4,2
6295,0,0,8,0,5,1,1,0,10,0,2,1,1,7,7,2,2,4,7,2,1
6296,3,2,4,0,8,1,0,1,0,1,2,1,1,7,7,2,1,0,7,4,4
6297,3,2,2,0,2,1,0,1,0,1,2,2,2,6,7,2,1,0,7,4,0
6298,5,0,8,0,5,1,1,0,2,0,2,1,2,7,7,2,2,4,7,3,1
6299,3,3,2,0,8,1,0,1,0,1,2,2,1,7,7,2,1,0,7,4,2
6300,5,0,8,0,5,1,1,0,2,0,2,2,2,7,7,2,2,4,7,3,1
6301,3,3,2,0,8,1,0,1,0,1,2,2,2,7,6,2,1,0,7,4,2
6302,3,3,4,0,7,1,0,1,0,1,2,2,1,7,7,2,1,0,7,4,4
6303,5,2,3,0,5,1,1,0,7,0,2,1,2,7,7,2,2,4,7,2,1
6304,5,2,8,0,5,1,1,0,2,0,2,2,1,7,7,2,2,4,7,2,1
6305,3,3,4,0,2,1,0,1,0,1,2,1,1,7,7,2,1,0,7,4,0
6306,3,2,4,0,2,1,0,1,0,1,2,1,2,7,6,2,1,0,7,4,2
6307,3,2,2,0,7,1,0,1,0,1,2,1,2,6,7,2,1,0,7,4,0
6308,0,0,8,0,5,1,1,0,7,0,2,1,1,7,7,2,2,4,7,2,1
6309,2,2,4,0,2,1,0,1,0,1,2,2,1,6,7,2,1,0,7,4,4
6310,3,2,2,0,8,1,0,1,0,1,2,1,1,6,7,2,1,0,7,4,0
6311,3,2,4,0,2,1,0,1,0,1,2,2,2,6,6,2,1,0,7,4,2
6312,3,3,4,0,2,1,0,1,0,1,2,1,2,7,6,2,1,0,7,4,2
6313,5,3,2,0,2,1,0,1,0,1,2,2,2,6,7,2,1,0,7,4,0
6314,0,2,8,0,5,1,1,0,2,0,2,2,2,7,7,2,2,4,7,2,1
6315,0,2,3,0,5,1,1,0,7,0,2,2,2,7,7,2,2,4,7,2,1
6316,3,3,2,0,7,1,0,1,0,1,2,1,1,7,6,2,1,0,7,4,2
6317,3,2,4,0,8,1,0,1,0,1,2,1,1,7,7,2,1,0,7,4,0
6318,3,2,2,0,2,1,0,1,0,1,2,2,2,6,7,2,1,0,7,4,4
6319,3,2,2,0,8,1,0,1,0,1,2,1,1,6,6,2,1,0,7,4,0
6320,0,0,8,0,5,1,1,0,2,0,2,2,2,7,7,2,2,4,7,3,1
6321,3,2,3,0,5,1,1,0,7,0,2,2,2,7,7,2,2,4,7,2,1
6322,3,3,4,0,2,1,0,1,0,1,2,2,2,7,6,2,1,0,7,4,0
6323,3,3,4,0,2,1,0,1,0,1,2,2,1,6,6,2,1,0,7,4,4
6324,2,2,2,0,8,1,0,1,0,1,2,2,2,7,7,2,1,0,7,4,0
6325,5,2,4,0,7,1,0,1,0,1,2,2,1,6,6,2,1,0,7,4,0
6326,3,3,4,0,7,1,0,1,0,1,2,1,1,6,6,2,1,0,7,4,4
6327,3,3,4,0,7,1,0,1,0,1,2,2,1,6,7,2,1,0,7,4,0
6328,3,2,8,0,5,1,1,0,2,0,2,2,2,7,7,2,2,4,7,2,1
6329,2,3,4,0,8,1,0,1,0,1,2,1,1,7,6,2,1,0,7,4,2
6330,0,0,3,0,5,1,1,0,7,0,2,2,2,7,7,2,2,4,7,3,1
6331,2,2,2,0,2,1,0,1,0,1,2,2,1,7,7,2,1,0,7,4,0
6332,3,2,2,0,8,1,0,1,0,1,2,1,1,6,6,2,1,0,7,4,2
6333,3,2,3,0,5,1,1,0,7,0,2,1,2,7,7,2,2,4,7,3,1
6334,5,2,3,0,5,1,1,0,7,0,2,2,2,7,7,2,2,4,7,3,1
6335,3,2,2,0,8,1,0,1,0,1,2,1,2,7,6,2,1,0,7,4,2
6336,0,2,8,0,5,1,1,0,2,0,2,2,1,7,7,2,2,4,7,2,1
6337,2,3,4,0,7,1,0,1,0,1,2,2,1,6,7,2,1,0,7,4,2
6338,2,2,2,0,2,1,0,1,0,1,2,1,1,7,6,2,1,0,7,4,4
6339,3,2,2,0,2,1,0,1,0,1,2,2,2,6,6,2,1,0,7,4,2
6340,3,0,3,0,5,1,1,0,7,0,2,2,2,7,7,2,2,4,7,2,1
6341,5,0,8,0,5,1,1,0,7,0,2,1,1,7,7,2,2,4,7,3,1
6342,3,0,3,0,5,1,1,0,10,0,2,2,2,7,7,2,2,4,7,3,1
6343,3,2,2,0,8,1,0,1,0,1,2,2,2,6,7,2,1,0,7,4,2
6344,3,3,2,0,8,1,0,1,0,1,2,2,2,7,6,2,1,0,7,4,4
6345,3,2,4,0,8,1,0,1,0,1,2,2,2,7,6,2,1,0,7,4,4
6346,5,3,2,0,2,1,0,1,0,1,2,2,1,7,6,2,1,0,7,4,4
6347,5,2,4,0,8,1,0,1,0,1,2,2,2,7,7,2,1,0,7,4,0
6348,3,3,4,0,7,1,0,1,0,1,2,2,1,6,6,2,1,0,7,4,4
6349,3,2,3,0,5,1,1,0,2,0,2,2,1,7,7,2,2,4,7,2,1
6350,0,2,3,0,5,1,1,0,7,0,2,2,1,7,7,2,2,4,7,3,1
6351,3,2,2,0,2,1,0,1,0,1,2,1,2,6,7,2,1,0,7,4,4
6353,3,2,3,0,5,1,1,0,2,0,2,2,2,7,7,2,2,4,7,3,1
6354,2,2,4,0,8,1,0,1,0,1,2,1,2,6,6,2,1,0,7,4,0
6355,3,2,4,0,2,1,0,1,0,1,2,2,2,7,6,2,1,0,7,4,0
6356,2,3,4,0,7,1,0,1,0,1,2,1,2,6,6,2,1,0,7,4,2
6357,3,3,2,0,8,1,0,1,0,1,2,1,2,7,6,2,1,0,7,4,0
6358,3,2,4,0,2,1,0,1,0,1,2,1,2,6,6,2,1,0,7,4,2
6359,3,2,2,0,8,1,0,1,0,1,2,1,2,7,7,2,1,0,7,4,4
6360,0,2,8,0,5,1,1,0,10,0,2,1,2,7,7,2,2,4,7,2,1
6361,3,3,2,0,8,1,0,1,0,1,2,2,2,7,6,2,1,0,7,4,0
6362,3,2,2,0,2,1,0,1,0,1,2,2,1,6,7,2,1,0,7,4,4
6363,0,2,8,0,5,1,1,0,10,0,2,1,1,7,7,2,2,4,7,3,1
6364,5,2,3,0,5,1,1,0,7,0,2,1,1,7,7,2,2,4,7,3,1
6365,3,2,4,0,7,1,0,1,0,1,2,2,1,7,7,2,1,0,7,4,2
6366,3,3,4,0,8,1,0,1,0,1,2,2,2,6,6,2,1,0,7,4,4
6367,3,2,4,0,2,1,0,1,0,1,2,2,1,7,7,2,1,0,7,4,0
6368,3,3,2,0,2,1,0,1,0,1,2,2,2,6,6,2,1,0,7,4,4
6369,3,2,2,0,7,1,0,1,0,1,2,1,1,7,6,2,1,0,7,4,2
6370,3,3,4,0,8,1,0,1,0,1,2,2,1,7,7,2,1,0,7,4,4
6371,0,2,3,0,5,1,1,0,7,0,2,1,1,7,7,2,2,4,7,3,1
6372,3,3,2,0,8,1,0,1,0,1,2,2,1,6,6,2,1,0,7,4,4
6373,0,0,8,0,5,1,1,0,2,0,2,2,1,7,7,2,2,4,7,3,1
6374,5,2,4,0,7,1,0,1,0,1,2,2,1,7,6,2,1,0,7,4,4
6375,3,3,2,0,8,1,0,1,0,1,2,1,1,6,6,2,1,0,7,4,2
6376,5,2,3,0,5,1,1,0,2,0,2,2,2,7,7,2,2,4,7,3,1
6377,3,3,2,0,8,1,0,1,0,1,2,2,1,6,6,2,1,0,7,4,2
6378,3,3,2,0,8,1,0,1,0,1,2,2,2,6,7,2,1,0,7,4,2
6379,3,3,2,0,2,1,0,1,0,1,2,1,1,6,6,2,1,0,7,4,2
6380,3,2,2,0,8,1,0,1,0,1,2,2,2,7,7,2,1,0,7,4,4
6381,0,2,3,0,5,1,1,0,7,0,2,2,2,7,7,2,2,4,7,3,1
6382,5,2,4,0,2,1,0,1,0,1,2,2,1,7,6,2,1,0,7,4,0
6384,5,0,3,0,5,1,1,0,10,0,2,1,2,7,7,2,2,4,7,3,1
6385,3,2,4,0,7,1,0,1,0,1,2,1,2,6,6,2,1,0,7,4,2
6386,3,0,3,0,5,1,1,0,7,0,2,1,2,7,7,2,2,4,7,2,1
6387,3,2,4,0,2,1,0,1,0,1,2,1,2,7,6,2,1,0,7,4,4
6388,3,3,2,0,8,1,0,1,0,1,2,2,2,6,6,2,1,0,7,4,0
6389,3,3,4,0,7,1,0,1,0,1,2,2,2,6,7,2,1,0,7,4,0
6390,3,3,4,0,2,1,0,1,0,1,2,1,2,7,6,2,1,0,7,4,0
6391,3,3,2,0,2,1,0,1,0,1,2,2,2,6,7,2,1,0,7,4,4
6392,3,3,2,0,2,1,0,1,0,1,2,1,1,6,7,2,1,0,7,4,2
6393,3,3,4,0,8,1,0,1,0,1,2,1,1,7,7,2,1,0,7,4,0
6394,3,3,4,0,8,1,0,1,0,1,2,1,1,6,6,2,1,0,7,4,0
6395,2,3,4,0,7,1,0,1,0,1,2,2,1,7,7,2,1,0,7,4,4
6396,3,2,2,0,2,1,0,1,0,1,2,1,1,6,6,2,1,0,7,4,4
6397,3,3,2,0,7,1,0,1,0,1,2,1,1,6,6,2,1,0,7,4,2
6398,2,2,2,0,7,1,0,1,0,1,2,1,2,7,6,2,1,0,7,4,4
6399,3,2,3,0,5,1,1,0,7,0,2,2,2,7,7,2,2,4,7,3,1
6400,3,2,2,0,7,1,0,1,0,1,2,2,2,6,6,2,1,0,7,4,2
6401,3,2,2,0,8,1,0,1,0,1,2,2,1,6,7,2,1,0,7,4,2
6402,3,2,4,0,7,1,0,1,0,1,2,2,1,6,6,2,1,0,7,4,2
6403,5,0,3,0,5,1,1,0,7,0,2,2,1,7,7,2,2,4,7,3,1
6404,2,2,2,0,7,1,0,1,0,1,2,2,2,6,6,2,1,0,7,4,4
6405,3,2,4,0,7,1,0,1,0,1,2,2,2,7,7,2,1,0,7,4,0
6407,5,0,3,0,5,1,1,0,2,0,2,2,1,7,7,2,2,4,7,2,1
6408,3,2,8,0,5,1,1,0,10,0,2,1,2,7,7,2,2,4,7,2,1
6409,3,3,2,0,7,1,0,1,0,1,2,1,1,7,7,2,1,0,7,4,4
6410,3,3,2,0,8,1,0,1,0,1,2,2,2,7,7,2,1,0,7,4,2
6411,5,0,3,0,5,1,1,0,7,0,2,1,1,7,7,2,2,4,7,3,1
6412,3,2,4,0,2,1,0,1,0,1,2,1,1,7,7,2,1,0,7,4,4
6413,3,3,2,0,2,1,0,1,0,1,2,2,1,6,6,2,1,0,7,4,2
6414,3,3,4,0,2,1,0,1,0,1,2,2,1,7,7,2,1,0,7,4,0
6415,2,3,4,0,2,1,0,1,0,1,2,2,1,7,6,2,1,0,7,4,2
6416,2,3,2,0,2,1,0,1,0,1,2,2,2,7,6,2,1,0,7,4,0
6417,3,2,4,0,7,1,0,1,0,1,2,2,1,6,6,2,1,0,7,4,4
6418,3,2,4,0,2,1,0,1,0,1,2,2,1,7,6,2,1,0,7,4,2
6419,5,0,3,0,5,1,1,0,2,0,2,1,2,7,7,2,2,4,7,2,1
6420,3,2,4,0,7,1,0,1,0,1,2,2,1,7,7,2,1,0,7,4,4
6421,3,3,4,0,2,1,0,1,0,1,2,2,2,7,7,2,1,0,7,4,4
6422,5,2,3,0,5,1,1,0,10,0,2,2,2,7,7,2,2,4,7,3,1
6423,3,3,4,0,7,1,0,1,0,1,2,1,1,7,7,2,1,0,7,4,0
6424,3,2,2,0,7,1,0,1,0,1,2,1,2,7,6,2,1,0,7,4,0
6425,3,3,2,0,8,1,0,1,0,1,2,2,1,7,6,2,1,0,7,4,2
6426,0,2,3,0,5,1,1,0,2,0,2,2,1,7,7,2,2,4,7,3,1
6427,3,2,4,0,2,1,0,1,0,1,2,1,2,6,6,2,1,0,7,4,4
6428,3,3,2,0,2,1,0,1,0,1,2,1,2,6,6,2,1,0,7,4,0
6429,3,3,2,0,8,1,0,1,0,1,2,2,1,7,6,2,1,0,7,4,0
6430,3,2,4,0,2,1,0,1,0,1,2,1,1,7,6,2,1,0,7,4,0
6431,3,3,2,0,7,1,0,1,0,1,2,1,2,6,6,2,1,0,7,4,2
6432,3,2,2,0,7,1,0,1,0,1,2,2,2,6,7,2,1,0,7,4,0
6433,5,2,2,0,8,1,0,1,0,1,2,1,2,6,7,2,1,0,7,4,4
6434,3,2,2,0,7,1,0,1,0,1,2,2,2,7,6,2,1,0,7,4,0
6435,3,2,4,0,8,1,0,1,0,1,2,2,2,6,7,2,1,0,7,4,0
6436,0,0,3,0,5,1,1,0,10,0,2,1,1,7,7,2,2,4,7,3,1
6438,3,2,4,0,8,1,0,1,0,1,2,1,1,6,6,2,1,0,7,4,4
6439,3,2,4,0,7,1,0,1,0,1,2,1,2,7,7,2,1,0,7,4,2
6440,5,0,3,0,5,1,1,0,7,0,2,2,2,7,7,2,2,4,7,2,1
6441,3,3,4,0,8,1,0,1,0,1,2,2,1,6,7,2,1,0,7,4,0
6442,3,2,4,0,7,1,0,1,0,1,2,1,2,7,6,2,1,0,7,4,2
6443,2,3,4,0,8,1,0,1,0,1,2,2,2,6,6,2,1,0,7,4,0
6444,3,3,4,0,7,1,0,1,0,1,2,2,2,6,6,2,1,0,7,4,0
6445,2,3,4,0,2,1,0,1,0,1,2,1,1,6,7,2,1,0,7,4,0
6446,3,2,4,0,7,1,0,1,0,1,2,1,1,7,7,2,1,0,7,4,4
6447,2,3,2,0,7,1,0,1,0,1,2,2,1,6,7,2,1,0,7,4,2
6448,3,2,4,0,7,1,0,1,0,1,2,1,1,7,6,2,1,0,7,4,4
6449,5,3,2,0,7,1,0,1,0,1,2,2,2,6,6,2,1,0,7,4,0
6450,3,3,4,0,8,1,0,1,0,1,2,2,1,6,6,2,1,0,7,4,4
6451,5,2,8,0,5,1,1,0,7,0,2,1,2,7,7,2,2,4,7,3,1
6452,5,2,3,0,5,1,1,0,2,0,2,2,1,7,7,2,2,4,7,3,1
6453,5,0,8,0,5,1,1,0,10,0,2,1,1,7,7,2,2,4,7,3,1
6454,3,2,4,0,7,1,0,1,0,1,2,1,2,6,7,2,1,0,7,4,0
6455,3,2,2,0,2,1,0,1,0,1,2,1,1,7,6,2,1,0,7,4,0
6456,3,3,2,0,8,1,0,1,0,1,2,2,1,6,7,2,1,0,7,4,4
6457,3,2,2,0,2,1,0,1,0,1,2,2,2,6,6,2,1,0,7,4,0
6458,3,2,4,0,8,1,0,1,0,1,2,1,2,6,6,2,1,0,7,4,4
6459,3,3,4,0,2,1,0,1,0,1,2,1,1,7,6,2,1,0,7,4,2
6460,3,3,2,0,8,1,0,1,0,1,2,2,2,7,7,2,1,0,7,4,4
6461,3,2,4,0,8,1,0,1,0,1,2,2,1,7,7,2,1,0,7,4,0
6462,3,2,2,0,7,1,0,1,0,1,2,2,1,7,7,2,1,0,7,4,0
6463,2,2,4,0,7,1,0,1,0,1,2,2,2,7,7,2,1,0,7,4,0
6464,3,2,4,0,7,1,0,1,0,1,2,1,1,6,7,2,1,0,7,4,2
6465,5,2,3,0,5,1,1,0,2,0,2,1,2,7,7,2,2,4,7,2,1
6466,5,0,8,0,5,1,1,0,7,0,2,2,2,7,7,2,2,4,7,2,1
6467,3,3,4,0,7,1,0,1,0,1,2,2,2,7,6,2,1,0,7,4,0
6468,3,3,4,0,7,1,0,1,0,1,2,1,1,7,6,2,1,0,7,4,2
6469,3,3,4,0,7,1,0,1,0,1,2,2,2,6,7,2,1,0,7,4,2
6470,3,3,4,0,7,1,0,1,0,1,2,2,2,7,6,2,1,0,7,4,4
6471,3,3,2,0,7,1,0,1,0,1,2,1,2,6,7,2,1,0,7,4,2
6472,3,2,4,0,2,1,0,1,0,1,2,1,1,6,6,2,1,0,7,4,2
6473,0,2,8,0,5,1,1,0,2,0,2,1,1,7,7,2,2,4,7,3,1
6474,3,2,4,0,8,1,0,1,0,1,2,1,1,6,7,2,1,0,7,4,2
6475,3,3,4,0,7,1,0,1,0,1,2,1,2,6,7,2,1,0,7,4,0
6476,0,0,3,0,5,1,1,0,2,0,2,1,1,7,7,2,2,4,7,3,1
6477,0,2,3,0,5,1,1,0,7,0,2,1,2,7,7,2,2,4,7,2,1
6478,5,2,4,0,7,1,0,1,0,1,2,1,1,7,6,2,1,0,7,4,0
6479,5,2,8,0,5,1,1,0,7,0,2,2,1,7,7,2,2,4,7,2,1
6480,3,2,3,0,5,1,1,0,2,0,2,2,1,7,7,2,2,4,7,3,1
6481,5,2,8,0,5,1,1,0,2,0,2,1,1,7,7,2,2,4,7,2,1
6482,3,2,2,0,8,1,0,1,0,1,2,2,1,6,6,2,1,0,7,4,2
6483,3,3,2,0,7,1,0,1,0,1,2,2,1,6,7,2,1,0,7,4,2
6484,5,2,8,0,5,1,1,0,7,0,2,1,2,7,7,2,2,4,7,2,1
6485,3,0,8,0,5,1,1,0,2,0,2,1,1,7,7,2,2,4,7,3,1
6486,0,0,3,0,5,1,1,0,7,0,2,1,2,7,7,2,2,4,7,3,1
6487,3,3,4,0,2,1,0,1,0,1,2,2,2,6,6,2,1,0,7,4,4
6488,2,3,2,0,7,1,0,1,0,1,2,1,1,6,6,2,1,0,7,4,4
6489,3,2,2,0,7,1,0,1,0,1,2,2,1,6,6,2,1,0,7,4,2
6490,3,3,4,0,2,1,0,1,0,1,2,1,1,7,7,2,1,0,7,4,4
6491,0,2,8,0,5,1,1,0,2,0,2,1,2,7,7,2,2,4,7,3,1
6492,3,2,2,0,8,1,0,1,0,1,2,2,2,7,6,2,1,0,7,4,4
6493,3,2,8,0,5,1,1,0,7,0,2,1,1,7,7,2,2,4,7,3,1
6494,3,3,4,0,7,1,0,1,0,1,2,2,1,6,6,2,1,0,7,4,2
6495,3,2,4,0,7,1,0,1,0,1,2,2,2,6,7,2,1,0,7,4,2
6496,3,2,4,0,8,1,0,1,0,1,2,1,1,7,6,2,1,0,7,4,2
6497,3,3,2,0,2,1,0,1,0,1,2,1,1,6,6,2,1,0,7,4,0
6498,5,0,8,0,5,1,1,0,2,0,2,1,1,7,7,2,2,4,7,2,1
6499,5,0,3,0,5,1,1,0,10,0,2,1,2,7,7,2,2,4,7,2,1
6500,3,2,4,0,8,1,0,1,0,1,2,2,2,6,6,2,1,0,7,4,4
6501,3,3,2,0,8,1,0,1,0,1,2,1,1,7,7,2,1,0,7,4,4
6502,5,2,8,0,5,1,1,0,2,0,2,2,2,7,7,2,2,4,7,3,1
6503,3,3,2,0,8,1,0,1,0,1,2,1,2,6,6,2,1,0,7,4,0
6504,5,0,3,0,5,1,1,0,10,0,2,2,2,7,7,2,2,4,7,3,1
6505,3,2,4,0,7,1,0,1,0,1,2,1,1,6,6,2,1,0,7,4,2
6506,2,3,4,0,2,1,0,1,0,1,2,2,1,7,7,2,1,0,7,4,0
6507,3,2,2,0,7,1,0,1,0,1,2,1,2,7,7,2,1,0,7,4,0
6508,3,2,2,0,8,1,0,1,0,1,2,1,2,7,7,2,1,0,7,4,2
6509,3,2,4,0,8,1,0,1,0,1,2,1,2,7,7,2,1,0,7,4,4
6510,0,2,3,0,5,1,1,0,2,0,2,2,2,7,7,2,2,4,7,3,1
6511,3,3,4,0,7,1,0,1,0,1,2,1,1,6,7,2,1,0,7,4,2
6512,3,2,4,0,2,1,0,1,0,1,2,1,2,7,7,2,1,0,7,4,4
6513,3,0,3,0,5,1,1,0,10,0,2,1,2,7,7,2,2,4,7,2,1
6514,3,3,4,0,2,1,0,1,0,1,2,2,1,6,6,2,1,0,7,4,2
6515,3,2,2,0,8,1,0,1,0,1,2,2,1,7,6,2,1,0,7,4,2
6516,3,3,4,0,7,1,0,1,0,1,2,1,2,6,6,2,1,0,7,4,4
6517,3,2,2,0,8,1,0,1,0,1,2,2,2,6,6,2,1,0,7,4,0
6518,3,0,8,0,5,1,1,0,2,0,2,2,1,7,7,2,2,4,7,2,1
6519,3,3,2,0,8,1,0,1,0,1,2,1,2,6,7,2,1,0,7,4,0
6520,3,3,2,0,7,1,0,1,0,1,2,1,1,6,7,2,1,0,7,4,0
6521,0,0,8,0,5,1,1,0,2,0,2,1,2,7,7,2,2,4,7,3,1
6522,5,2,3,0,5,1,1,0,2,0,2,2,2,7,7,2,2,4,7,2,1
6523,0,2,3,0,5,1,1,0,10,0,2,1,2,7,7,2,2,4,7,3,1
6524,3,3,2,0,7,1,0,1,0,1,2,2,1,6,6,2,1,0,7,4,4
6525,3,2,4,0,8,1,0,1,0,1,2,2,1,7,7,2,1,0,7,4,4
6526,3,3,2,0,8,1,0,1,0,1,2,1,1,7,7,2,1,0,7,4,0
6527,0,2,8,0,5,1,1,0,10,0,2,2,1,7,7,2,2,4,7,3,1
6528,2,2,2,0,2,1,0,1,0,1,2,2,2,6,7,2,1,0,7,4,0
6529,3,2,4,0,7,1,0,1,0,1,2,1,1,7,6,2,1,0,7,4,0
6530,3,2,8,0,5,1,1,0,7,0,2,2,1,7,7,2,2,4,7,3,1
6531,3,3,2,0,8,1,0,1,0,1,2,2,1,6,6,2,1,0,7,4,0
6532,3,2,2,0,2,1,0,1,0,1,2,1,2,7,7,2,1,0,7,4,2
6533,3,2,4,0,7,1,0,1,0,1,2,2,1,6,6,2,1,0,7,4,0
6535,3,2,4,0,2,1,0,1,0,1,2,1,1,7,6,2,1,0,7,4,4
6536,3,3,2,0,2,1,0,1,0,1,2,1,1,6,6,2,1,0,7,4,4
6537,3,3,2,0,2,1,0,1,0,1,2,1,1,7,6,2,1,0,7,4,2
6539,3,2,2,0,2,1,0,1,0,1,2,2,2,6,6,2,1,0,7,4,4
6540,3,0,3,0,5,1,1,0,7,0,2,1,1,7,7,2,2,4,7,3,1
6541,3,2,2,0,7,1,0,1,0,1,2,2,2,6,6,2,1,0,7,4,0
6542,3,2,2,0,2,1,0,1,0,1,2,1,1,6,7,2,1,0,7,4,0
6543,3,2,4,0,8,1,0,1,0,1,2,2,2,7,6,2,1,0,7,4,2
6544,3,3,4,0,8,1,0,1,0,1,2,2,2,7,6,2,1,0,7,4,2
6545,5,0,3,0,5,1,1,0,7,0,2,1,2,7,7,2,2,4,7,2,1
6546,0,2,8,0,5,1,1,0,2,0,2,1,2,7,7,2,2,4,7,2,1
6547,3,3,2,0,7,1,0,1,0,1,2,1,2,7,6,2,1,0,7,4,0
6548,3,3,2,0,8,1,0,1,0,1,2,1,1,6,6,2,1,0,7,4,4
6549,3,2,2,0,8,1,0,1,0,1,2,2,1,6,6,2,1,0,7,4,4
6550,0,2,3,0,5,1,1,0,2,0,2,1,2,7,7,2,2,4,7,3,1
6551,3,2,2,0,8,1,0,1,0,1,2,2,2,6,7,2,1,0,7,4,4
6552,2,2,4,0,8,1,0,1,0,1,2,2,2,6,6,2,1,0,7,4,4
6553,3,2,2,0,8,1,0,1,0,1,2,1,2,7,7,2,1,0,7,4,0
6554,3,2,4,0,8,1,0,1,0,1,2,1,2,7,7,2,1,0,7,4,2
6555,3,3,4,0,8,1,0,1,0,1,2,2,2,6,6,2,1,0,7,4,2
6556,0,0,3,0,5,1,1,0,2,0,2,2,2,7,7,2,2,4,7,2,1
6557,3,2,8,0,5,1,1,0,2,0,2,2,2,7,7,2,2,4,7,3,1
6558,3,2,4,0,8,1,0,1,0,1,2,2,1,6,7,2,1,0,7,4,2
6559,2,3,4,0,2,1,0,1,0,1,2,1,1,6,6,2,1,0,7,4,0
6560,5,2,8,0,5,1,1,0,7,0,2,1,1,7,7,2,2,4,7,3,1
6561,3,2,4,0,7,1,0,1,0,1,2,1,2,7,7,2,1,0,7,4,4
6562,3,3,4,0,7,1,0,1,0,1,2,2,2,7,7,2,1,0,7,4,2
6563,0,0,8,0,5,1,1,0,10,0,2,1,1,7,7,2,2,4,7,3,1
6564,5,2,8,0,5,1,1,0,10,0,2,1,1,7,7,2,2,4,7,2,1
6565,2,3,2,0,8,1,0,1,0,1,2,2,2,6,7,2,1,0,7,4,4
6566,3,3,2,0,2,1,0,1,0,1,2,2,2,7,6,2,1,0,7,4,2
6567,3,2,4,0,2,1,0,1,0,1,2,2,1,6,6,2,1,0,7,4,0
6568,5,2,4,0,7,1,0,1,0,1,2,1,1,6,7,2,1,0,7,4,0
6569,3,3,2,0,7,1,0,1,0,1,2,2,1,6,7,2,1,0,7,4,0
6570,0,2,8,0,5,1,1,0,7,0,2,2,2,7,7,2,2,4,7,3,1
6571,0,2,3,0,5,1,1,0,7,0,2,1,2,7,7,2,2,4,7,3,1
6572,3,0,3,0,5,1,1,0,2,0,2,1,2,7,7,2,2,4,7,2,1
6573,3,0,3,0,5,1,1,0,7,0,2,1,1,7,7,2,2,4,7,2,1
6574,5,0,8,0,5,1,1,0,10,0,2,1,2,7,7,2,2,4,7,2,1
6575,3,3,2,0,7,1,0,1,0,1,2,1,2,6,6,2,1,0,7,4,4
6576,2,3,2,0,7,1,0,1,0,1,2,1,2,6,6,2,1,0,7,4,2
6577,3,3,2,0,7,1,0,1,0,1,2,2,2,6,7,2,1,0,7,4,2
6578,2,2,4,0,2,1,0,1,0,1,2,1,1,6,7,2,1,0,7,4,2
6579,0,2,8,0,5,1,1,0,7,0,2,1,2,7,7,2,2,4,7,3,1
6580,3,2,8,0,5,1,1,0,10,0,2,1,1,7,7,2,2,4,7,3,1
6581,0,0,8,0,5,1,1,0,7,0,2,2,2,7,7,2,2,4,7,2,1
6582,3,3,2,0,7,1,0,1,0,1,2,2,2,6,7,2,1,0,7,4,0
6583,3,2,4,0,2,1,0,1,0,1,2,2,2,7,7,2,1,0,7,4,4
6584,3,2,4,0,8,1,0,1,0,1,2,2,1,7,6,2,1,0,7,4,4
6585,2,3,4,0,8,1,0,1,0,1,2,2,1,7,6,2,1,0,7,4,0
6586,5,2,2,0,2,1,0,1,0,1,2,1,1,6,7,2,1,0,7,4,2
6587,3,0,8,0,5,1,1,0,10,0,2,2,1,7,7,2,2,4,7,3,1
6588,3,2,4,0,8,1,0,1,0,1,2,1,2,7,6,2,1,0,7,4,0
6589,5,2,4,0,8,1,0,1,0,1,2,1,2,7,7,2,1,0,7,4,0
6590,0,0,3,0,5,1,1,0,10,0,2,2,1,7,7,2,2,4,7,3,1
6591,3,3,4,0,7,1,0,1,0,1,2,1,1,6,6,2,1,0,7,4,0
6592,3,3,2,0,7,1,0,1,0,1,2,1,1,6,7,2,1,0,7,4,4
6593,3,2,2,0,7,1,0,1,0,1,2,1,1,6,6,2,1,0,7,4,0
6594,3,3,4,0,7,1,0,1,0,1,2,1,2,6,7,2,1,0,7,4,4
6595,3,3,2,0,7,1,0,1,0,1,2,2,1,7,7,2,1,0,7,4,4
6596,3,3,4,0,2,1,0,1,0,1,2,1,1,6,6,2,1,0,7,4,0
6597,5,2,3,0,5,1,1,0,10,0,2,1,1,7,7,2,2,4,7,3,1
6598,3,3,4,0,2,1,0,1,0,1,2,2,2,7,7,2,1,0,7,4,0
6599,3,2,2,0,8,1,0,1,0,1,2,2,1,7,7,2,1,0,7,4,2
6600,3,2,4,0,2,1,0,1,0,1,2,2,2,6,7,2,1,0,7,4,0
6601,3,3,4,0,2,1,0,1,0,1,2,2,2,7,6,2,1,0,7,4,4
6602,0,0,3,0,5,1,1,0,2,0,2,2,1,7,7,2,2,4,7,3,1
6603,3,3,4,0,7,1,0,1,0,1,2,1,1,7,7,2,1,0,7,4,4
6604,0,0,8,0,5,1,1,0,7,0,2,1,1,7,7,2,2,4,7,3,1
6605,3,2,2,0,2,1,0,1,0,1,2,2,1,6,6,2,1,0,7,4,2
6606,5,2,8,0,5,1,1,0,7,0,2,2,1,7,7,2,2,4,7,3,1
6607,3,3,2,0,2,1,0,1,0,1,2,2,1,7,7,2,1,0,7,4,2
6608,3,3,2,0,7,1,0,1,0,1,2,2,1,6,6,2,1,0,7,4,0
6609,5,2,8,0,5,1,1,0,10,0,2,1,2,7,7,2,2,4,7,2,1
6610,3,3,2,0,2,1,0,1,0,1,2,2,2,7,7,2,1,0,7,4,0
6611,3,3,4,0,7,1,0,1,0,1,2,2,1,7,6,2,1,0,7,4,4
6612,3,2,2,0,8,1,0,1,0,1,2,1,2,6,6,2,1,0,7,4,2
6613,3,2,2,0,7,1,0,1,0,1,2,1,2,7,6,2,1,0,7,4,4
6614,3,2,4,0,8,1,0,1,0,1,2,2,1,6,7,2,1,0,7,4,0
6615,3,2,2,0,2,1,0,1,0,1,2,2,2,7,6,2,1,0,7,4,0
6616,3,3,2,0,7,1,0,1,0,1,2,1,1,6,6,2,1,0,7,4,0
6617,3,3,2,0,2,1,0,1,0,1,2,2,2,6,6,2,1,0,7,4,0
6618,3,3,2,0,2,1,0,1,0,1,2,2,1,7,6,2,1,0,7,4,2
6619,3,0,8,0,5,1,1,0,10,0,2,2,1,7,7,2,2,4,7,2,1
6620,3,2,2,0,7,1,0,1,0,1,2,1,1,6,7,2,1,0,7,4,0
6621,3,3,2,0,8,1,0,1,0,1,2,1,2,7,7,2,1,0,7,4,2
6623,3,2,2,0,2,1,0,1,0,1,2,1,2,6,6,2,1,0,7,4,4
6624,3,3,2,0,2,1,0,1,0,1,2,2,1,7,6,2,1,0,7,4,0
6625,3,2,4,0,7,1,0,1,0,1,2,2,1,6,7,2,1,0,7,4,2
6626,5,2,8,0,5,1,1,0,2,0,2,2,1,7,7,2,2,4,7,3,1
6627,5,2,2,0,2,1,0,1,0,1,2,2,2,7,7,2,1,0,7,4,2
6628,2,2,4,0,7,1,0,1,0,1,2,2,2,6,6,2,1,0,7,4,2
6629,2,2,4,0,7,1,0,1,0,1,2,1,2,6,6,2,1,0,7,4,0
6630,3,2,4,0,8,1,0,1,0,1,2,2,2,6,7,2,1,0,7,4,4
6631,0,2,3,0,5,1,1,0,10,0,2,1,1,7,7,2,2,4,7,3,1
6633,2,2,4,0,7,1,0,1,0,1,2,1,2,6,7,2,1,0,7,4,4
6634,0,0,8,0,5,1,1,0,10,0,2,1,2,7,7,2,2,4,7,2,1
6635,5,0,8,0,5,1,1,0,2,0,2,2,2,7,7,2,2,4,7,2,1
6636,3,2,4,0,8,1,0,1,0,1,2,1,2,6,6,2,1,0,7,4,0
6637,3,3,2,0,7,1,0,1,0,1,2,2,2,7,6,2,1,0,7,4,4
6638,3,2,2,0,2,1,0,1,0,1,2,2,2,7,6,2,1,0,7,4,4
6639,5,2,2,0,7,1,0,1,0,1,2,1,2,6,6,2,1,0,7,4,2
6640,3,2,4,0,8,1,0,1,0,1,2,1,2,6,7,2,1,0,7,4,2
6641,3,3,2,0,7,1,0,1,0,1,2,1,1,7,7,2,1,0,7,4,0
6642,3,3,4,0,2,1,0,1,0,1,2,1,1,6,7,2,1,0,7,4,2
6643,3,2,2,0,2,1,0,1,0,1,2,2,1,6,6,2,1,0,7,4,0
6644,0,0,3,0,5,1,1,0,7,0,2,2,2,7,7,2,2,4,7,2,1
6645,3,3,4,0,7,1,0,1,0,1,2,1,1,7,6,2,1,0,7,4,4
6646,3,2,8,0,5,1,1,0,7,0,2,1,2,7,7,2,2,4,7,2,1
6647,3,2,4,0,7,1,0,1,0,1,2,1,2,6,7,2,1,0,7,4,4
6648,3,0,3,0,5,1,1,0,7,0,2,2,1,7,7,2,2,4,7,3,1
6649,3,0,8,0,5,1,1,0,10,0,2,2,2,7,7,2,2,4,7,2,1
6650,5,2,8,0,5,1,1,0,7,0,2,1,1,7,7,2,2,4,7,2,1
6651,0,2,3,0,5,1,1,0,10,0,2,1,1,7,7,2,2,4,7,2,1
6652,5,0,8,0,5,1,1,0,10,0,2,2,1,7,7,2,2,4,7,2,1
6653,3,0,8,0,5,1,1,0,7,0,2,1,2,7,7,2,2,4,7,2,1
6654,3,2,4,0,2,1,0,1,0,1,2,2,2,6,6,2,1,0,7,4,0
6655,3,3,2,0,7,1,0,1,0,1,2,2,2,7,6,2,1,0,7,4,0
6656,3,0,3,0,5,1,1,0,7,0,2,2,2,7,7,2,2,4,7,3,1
6657,5,2,8,0,5,1,1,0,7,0,2,2,2,7,7,2,2,4,7,3,1
6658,3,2,4,0,2,1,0,1,0,1,2,2,2,6,7,2,1,0,7,4,4
6659,3,3,4,0,7,1,0,1,0,1,2,1,2,7,6,2,1,0,7,4,0
6660,3,3,4,0,2,1,0,1,0,1,2,1,1,6,7,2,1,0,7,4,4
6661,3,2,2,0,2,1,0,1,0,1,2,1,1,7,6,2,1,0,7,4,4
6662,3,2,2,0,7,1,0,1,0,1,2,1,2,7,7,2,1,0,7,4,2
6663,3,2,2,0,7,1,0,1,0,1,2,2,1,7,7,2,1,0,7,4,4
6664,5,2,3,0,5,1,1,0,7,0,2,2,2,7,7,2,2,4,7,2,1
6665,0,2,8,0,5,1,1,0,10,0,2,1,1,7,7,2,2,4,7,2,1
6666,3,2,2,0,7,1,0,1,0,1,2,1,2,6,7,2,1,0,7,4,4
6667,3,2,4,0,2,1,0,1,0,1,2,1,1,7,7,2,1,0,7,4,0
6668,3,2,2,0,2,1,0,1,0,1,2,1,2,6,6,2,1,0,7,4,0
6669,3,3,2,0,7,1,0,1,0,1,2,2,1,7,6,2,1,0,7,4,4
6670,0,0,8,0,5,1,1,0,7,0,2,2,2,7,7,2,2,4,7,3,1
6671,3,3,4,0,2,1,0,1,0,1,2,1,2,7,7,2,1,0,7,4,0
6672,3,2,2,0,7,1,0,1,0,1,2,1,1,7,6,2,1,0,7,4,0
6673,0,2,3,0,5,1,1,0,10,0,2,2,1,7,7,2,2,4,7,3,1
6674,3,2,4,0,8,1,0,1,0,1,2,1,1,6,6,2,1,0,7,4,0
6675,5,2,4,0,8,1,0,1,0,1,2,2,1,7,7,2,1,0,7,4,4
6676,3,3,2,0,2,1,0,1,0,1,2,1,2,6,7,2,1,0,7,4,2
6677,5,2,8,0,5,1,1,0,7,0,2,2,2,7,7,2,2,4,7,2,1
6678,5,2,8,0,5,1,1,0,2,0,2,1,1,7,7,2,2,4,7,3,1
6679,3,3,4,0,7,1,0,1,0,1,2,1,2,7,6,2,1,0,7,4,4
6680,3,2,2,0,8,1,0,1,0,1,2,2,1,7,6,2,1,0,7,4,0
6681,3,3,2,0,7,1,0,1,0,1,2,2,2,7,6,2,1,0,7,4,2
6682,0,0,3,0,5,1,1,0,10,0,2,2,1,7,7,2,2,4,7,2,1
6683,3,2,2,0,2,1,0,1,0,1,2,2,2,6,7,2,1,0,7,4,2
6684,3,2,4,0,7,1,0,1,0,1,2,2,2,7,6,2,1,0,7,4,2
6685,2,3,4,0,2,1,0,1,0,1,2,1,1,6,7,2,1,0,7,4,4
6686,2,3,4,0,2,1,0,1,0,1,2,2,1,6,7,2,1,0,7,4,0
6687,3,3,4,0,8,1,0,1,0,1,2,2,2,7,7,2,1,0,7,4,0
6688,3,2,8,0,5,1,1,0,10,0,2,2,2,7,7,2,2,4,7,3,1
6689,3,3,4,0,7,1,0,1,0,1,2,1,1,6,7,2,1,0,7,4,4
6690,3,2,4,0,8,1,0,1,0,1,2,1,2,7,6,2,1,0,7,4,4
6691,3,2,2,0,7,1,0,1,0,1,2,2,1,6,6,2,1,0,7,4,0
6692,3,2,8,0,5,1,1,0,7,0,2,2,1,7,7,2,2,4,7,2,1
6693,3,3,2,0,8,1,0,1,0,1,2,1,2,6,6,2,1,0,7,4,2
6694,5,2,8,0,5,1,1,0,10,0,2,2,2,7,7,2,2,4,7,3,1
6695,3,3,2,0,7,1,0,1,0,1,2,1,2,6,7,2,1,0,7,4,0
6696,3,3,2,0,7,1,0,1,0,1,2,1,1,7,6,2,1,0,7,4,0
6697,3,3,4,0,7,1,0,1,0,1,2,1,2,7,7,2,1,0,7,4,0
6698,5,2,4,0,7,1,0,1,0,1,2,2,1,6,7,2,1,0,7,4,0
6699,3,0,3,0,5,1,1,0,10,0,2,1,2,7,7,2,2,4,7,3,1
6700,3,2,2,0,8,1,0,1,0,1,2,2,2,7,7,2,1,0,7,4,2
6701,2,3,2,0,8,1,0,1,0,1,2,2,2,7,7,2,1,0,7,4,2
6702,3,2,4,0,7,1,0,1,0,1,2,2,2,6,6,2,1,0,7,4,4
6703,0,0,3,0,5,1,1,0,2,0,2,2,1,7,7,2,2,4,7,2,1
6704,0,0,8,0,5,1,1,0,7,0,2,2,1,7,7,2,2,4,7,2,1
6705,3,3,4,0,7,1,0,1,0,1,2,2,1,7,6,2,1,0,7,4,2
6706,5,2,8,0,5,1,1,0,2,0,2,2,2,7,7,2,2,4,7,2,1
6707,3,2,2,0,7,1,0,1,0,1,2,2,2,7,7,2,1,0,7,4,2
6708,3,2,2,0,8,1,0,1,0,1,2,1,1,7,6,2,1,0,7,4,4
6709,5,2,3,0,5,1,1,0,10,0,2,1,1,7,7,2,2,4,7,2,1
6710,0,2,3,0,5,1,1,0,2,0,2,2,2,7,7,2,2,4,7,2,1
6711,3,3,4,0,2,1,0,1,0,1,2,2,1,6,6,2,1,0,7,4,0
6712,3,3,2,0,2,1,0,1,0,1,2,2,2,7,6,2,1,0,7,4,4
6713,3,3,4,0,2,1,0,1,0,1,2,2,1,7,6,2,1,0,7,4,4
6714,5,0,8,0,5,1,1,0,7,0,2,1,2,7,7,2,2,4,7,3,1
6715,3,3,2,0,2,1,0,1,0,1,2,1,2,7,7,2,1,0,7,4,2
6716,3,3,4,0,7,1,0,1,0,1,2,1,1,7,6,2,1,0,7,4,0
6717,3,2,4,0,7,1,0,1,0,1,2,2,2,7,6,2,1,0,7,4,4
6718,3,2,3,0,5,1,1,0,10,0,2,1,1,7,7,2,2,4,7,2,1
6719,3,3,2,0,8,1,0,1,0,1,2,2,1,6,7,2,1,0,7,4,2
6720,3,3,2,0,8,1,0,1,0,1,2,2,1,7,7,2,1,0,7,4,0
6721,3,2,2,0,2,1,0,1,0,1,2,1,2,7,6,2,1,0,7,4,0
6722,0,0,3,0,5,1,1,0,2,0,2,1,1,7,7,2,2,4,7,2,1
6723,3,3,4,0,8,1,0,1,0,1,2,2,2,7,6,2,1,0,7,4,0
6724,3,2,4,0,7,1,0,1,0,1,2,1,1,7,6,2,1,0,7,4,2
6725,5,2,3,0,5,1,1,0,10,0,2,1,2,7,7,2,2,4,7,3,1
6726,5,2,3,0,5,1,1,0,2,0,2,1,1,7,7,2,2,4,7,3,1
6727,3,3,2,0,8,1,0,1,0,1,2,2,2,7,7,2,1,0,7,4,0
6728,5,0,3,0,5,1,1,0,10,0,2,1,1,7,7,2,2,4,7,2,1
6729,3,2,4,0,2,1,0,1,0,1,2,1,2,7,6,2,1,0,7,4,0
6730,3,3,2,0,7,1,0,1,0,1,2,1,2,6,6,2,1,0,7,4,0
6731,3,3,4,0,2,1,0,1,0,1,2,2,2,6,7,2,1,0,7,4,4
6732,3,2,2,0,2,1,0,1,0,1,2,1,2,6,7,2,1,0,7,4,0
6733,3,3,4,0,7,1,0,1,0,1,2,2,1,7,7,2,1,0,7,4,2
6734,3,3,2,0,7,1,0,1,0,1,2,2,2,6,6,2,1,0,7,4,2
6735,5,2,8,0,5,1,1,0,2,0,2,1,2,7,7,2,2,4,7,2,1
6736,3,2,4,0,7,1,0,1,0,1,2,2,2,6,6,2,1,0,7,4,2
6737,3,2,2,0,8,1,0,1,0,1,2,1,2,7,6,2,1,0,7,4,4
6738,3,2,2,0,7,1,0,1,0,1,2,2,2,7,7,2,1,0,7,4,4
6739,5,0,3,0,5,1,1,0,10,0,2,2,2,7,7,2,2,4,7,2,1
6740,0,2,8,0,5,1,1,0,7,0,2,1,1,7,7,2,2,4,7,2,1
6741,3,2,4,0,2,1,0,1,0,1,2,2,1,7,7,2,1,0,7,4,2
6742,3,3,4,0,2,1,0,1,0,1,2,2,2,7,7,2,1,0,7,4,2
6743,3,2,4,0,7,1,0,1,0,1,2,2,2,7,6,2,1,0,7,4,0
6744,5,3,2,0,2,1,0,1,0,1,2,1,2,7,7,2,1,0,7,4,4
6745,3,3,2,0,2,1,0,1,0,1,2,1,2,6,7,2,1,0,7,4,0
6746,5,2,3,0,5,1,1,0,2,0,2,1,2,7,7,2,2,4,7,3,1
6747,3,2,2,0,2,1,0,1,0,1,2,1,2,7,6,2,1,0,7,4,2
6748,3,3,2,0,2,1,0,1,0,1,2,1,2,6,6,2,1,0,7,4,2
6749,3,2,8,0,5,1,1,0,2,0,2,1,2,7,7,2,2,4,7,2,1
6750,3,2,8,0,5,1,1,0,7,0,2,1,1,7,7,2,2,4,7,2,1
6751,3,2,2,0,7,1,0,1,0,1,2,2,1,6,7,2,1,0,7,4,0
6752,3,3,4,0,2,1,0,1,0,1,2,2,1,7,7,2,1,0,7,4,4
6753,3,2,2,0,8,1,0,1,0,1,2,2,2,6,6,2,1,0,7,4,2
6754,3,2,4,0,8,1,0,1,0,1,2,1,2,6,7,2,1,0,7,4,0
6755,5,2,4,0,7,1,0,1,0,1,2,1,1,6,7,2,1,0,7,4,2
6756,3,2,4,0,2,1,0,1,0,1,2,1,2,7,7,2,1,0,7,4,0
6757,3,2,4,0,7,1,0,1,0,1,2,1,1,7,7,2,1,0,7,4,0
6758,3,3,2,0,2,1,0,1,0,1,2,2,1,6,7,2,1,0,7,4,2
6759,5,0,8,0,5,1,1,0,7,0,2,2,1,7,7,2,2,4,7,3,1
6760,2,2,2,0,8,1,0,1,0,1,2,1,2,7,6,2,1,0,7,4,0
6761,3,2,4,0,8,1,0,1,0,1,2,1,2,6,6,2,1,0,7,4,2
6762,3,2,2,0,2,1,0,1,0,1,2,2,2,7,7,2,1,0,7,4,0
6763,3,3,4,0,7,1,0,1,0,1,2,1,2,6,6,2,1,0,7,4,0
6764,3,2,2,0,7,1,0,1,0,1,2,1,1,6,7,2,1,0,7,4,2
6765,0,2,8,0,5,1,1,0,2,0,2,2,1,7,7,2,2,4,7,3,1
6766,3,3,4,0,7,1,0,1,0,1,2,2,2,7,7,2,1,0,7,4,4
6767,3,2,4,0,8,1,0,1,0,1,2,2,2,7,7,2,1,0,7,4,4
6768,5,2,3,0,5,1,1,0,7,0,2,2,1,7,7,2,2,4,7,3,1
6769,5,2,3,0,5,1,1,0,2,0,2,1,1,7,7,2,2,4,7,2,1
6770,2,3,4,0,8,1,0,1,0,1,2,1,1,6,6,2,1,0,7,4,4
6771,2,3,4,0,7,1,0,1,0,1,2,2,2,7,6,2,1,0,7,4,0
6773,3,2,2,0,8,1,0,1,0,1,2,2,2,6,7,2,1,0,7,4,0
6774,5,0,8,0,5,1,1,0,10,0,2,1,2,7,7,2,2,4,7,3,1
6775,3,3,4,0,7,1,0,1,0,1,2,2,1,6,7,2,1,0,7,4,4
6776,3,2,4,0,8,1,0,1,0,1,2,2,1,6,7,2,1,0,7,4,4
6777,5,2,2,0,2,1,0,1,0,1,2,2,1,6,7,2,1,0,7,4,4
6778,5,0,3,0,5,1,1,0,7,0,2,1,2,7,7,2,2,4,7,3,1
6779,5,3,2,0,2,1,0,1,0,1,2,1,2,6,7,2,1,0,7,4,4
6780,0,0,8,0,5,1,1,0,10,0,2,2,2,7,7,2,2,4,7,3,1
6781,3,2,2,0,2,1,0,1,0,1,2,2,2,7,7,2,1,0,7,4,2
6782,5,0,3,0,5,1,1,0,7,0,2,2,2,7,7,2,2,4,7,3,1
6783,0,2,3,0,5,1,1,0,7,0,2,2,1,7,7,2,2,4,7,2,1
6784,3,2,2,0,2,1,0,1,0,1,2,1,1,6,6,2,1,0,7,4,0
6785,5,0,3,0,5,1,1,0,10,0,2,2,1,7,7,2,2,4,7,2,1
6786,3,2,4,0,2,1,0,1,0,1,2,2,1,7,7,2,1,0,7,4,4
6787,5,0,8,0,5,1,1,0,7,0,2,2,1,7,7,2,2,4,7,2,1
6788,3,3,2,0,2,1,0,1,0,1,2,2,2,6,7,2,1,0,7,4,2
6789,3,0,3,0,5,1,1,0,10,0,2,2,1,7,7,2,2,4,7,2,1
6790,3,2,4,0,2,1,0,1,0,1,2,1,1,6,7,2,1,0,7,4,0
6791,3,2,4,0,8,1,0,1,0,1,2,2,1,7,7,2,1,0,7,4,2
6792,3,2,2,0,7,1,0,1,0,1,2,2,1,7,6,2,1,0,7,4,4
6793,3,3,4,0,7,1,0,1,0,1,2,2,1,6,6,2,1,0,7,4,0
6794,3,3,4,0,7,1,0,1,0,1,2,1,2,7,7,2,1,0,7,4,4
6795,3,0,8,0,5,1,1,0,7,0,2,2,1,7,7,2,2,4,7,3,1
6796,3,3,2,0,2,1,0,1,0,1,2,1,1,6,7,2,1,0,7,4,4
6797,3,2,2,0,7,1,0,1,0,1,2,2,1,6,7,2,1,0,7,4,4
6798,5,0,3,0,5,1,1,0,10,0,2,1,1,7,7,2,2,4,7,3,1
6799,3,3,2,0,2,1,0,1,0,1,2,2,2,6,7,2,1,0,7,4,0
6800,3,3,2,0,8,1,0,1,0,1,2,1,2,7,7,2,1,0,7,4,0
6801,3,2,4,0,2,1,0,1,0,1,2,2,2,7,6,2,1,0,7,4,2
6802,3,2,8,0,5,1,1,0,10,0,2,2,2,7,7,2,2,4,7,2,1
6804,5,3,2,0,8,1,0,1,0,1,2,2,2,7,6,2,1,0,7,4,0
6805,3,3,4,0,2,1,0,1,0,1,2,1,2,6,7,2,1,0,7,4,4
6806,3,2,2,0,7,1,0,1,0,1,2,1,2,7,6,2,1,0,7,4,2
6807,3,3,4,0,8,1,0,1,0,1,2,2,1,6,6,2,1,0,7,4,2
6808,3,2,2,0,7,1,0,1,0,1,2,2,2,6,7,2,1,0,7,4,2
6809,3,3,4,0,8,1,0,1,0,1,2,2,1,7,6,2,1,0,7,4,0
6810,3,3,2,0,2,1,0,1,0,1,2,1,2,7,6,2,1,0,7,4,4
6811,0,0,8,0,5,1,1,0,10,0,2,2,1,7,7,2,2,4,7,2,1
6812,3,0,3,0,5,1,1,0,2,0,2,2,1,7,7,2,2,4,7,3,1
6813,3,0,8,0,5,1,1,0,2,0,2,2,2,7,7,2,2,4,7,2,1
6814,3,3,2,0,2,1,0,1,0,1,2,1,2,7,6,2,1,0,7,4,2
6815,0,0,8,0,5,1,1,0,2,0,2,1,1,7,7,2,2,4,7,3,1
6816,3,3,4,0,8,1,0,1,0,1,2,2,2,7,6,2,1,0,7,4,4
6817,3,3,2,0,8,1,0,1,0,1,2,1,1,7,6,2,1,0,7,4,0
6818,3,3,4,0,2,1,0,1,0,1,2,2,1,7,6,2,1,0,7,4,0
6820,0,2,8,0,5,1,1,0,7,0,2,2,1,7,7,2,2,4,7,2,1
6821,2,3,4,0,2,1,0,1,0,1,2,1,2,7,6,2,1,0,7,4,0
6822,3,2,4,0,2,1,0,1,0,1,2,2,1,6,7,2,1,0,7,4,2
6823,3,2,2,0,8,1,0,1,0,1,2,2,1,6,7,2,1,0,7,4,4
6824,0,2,8,0,5,1,1,0,10,0,2,2,2,7,7,2,2,4,7,3,1
6825,5,3,2,0,2,1,0,1,0,1,2,2,2,6,6,2,1,0,7,4,4
6826,0,0,8,0,5,1,1,0,10,0,2,1,2,7,7,2,2,4,7,3,1
6827,0,0,8,0,5,1,1,0,2,0,2,2,1,7,7,2,2,4,7,2,1
6828,0,0,8,0,5,1,1,0,2,0,2,1,2,7,7,2,2,4,7,2,1
6829,3,3,2,0,7,1,0,1,0,1,2,2,1,6,7,2,1,0,7,4,4
6830,3,2,2,0,2,1,0,1,0,1,2,1,2,7,7,2,1,0,7,4,0
6831,3,2,4,0,8,1,0,1,0,1,2,2,2,6,6,2,1,0,7,4,0
6832,5,2,3,0,5,1,1,0,2,0,2,2,1,7,7,2,2,4,7,2,1
6833,5,2,4,0,2,1,0,1,0,1,2,1,1,6,6,2,1,0,7,4,2
6834,2,2,4,0,8,1,0,1,0,1,2,1,1,7,7,2,1,0,7,4,4
6835,3,3,4,0,2,1,0,1,0,1,2,1,2,6,6,2,1,0,7,4,4
6836,3,2,3,0,5,1,1,0,10,0,2,1,2,7,7,2,2,4,7,2,1
6837,3,3,4,0,2,1,0,1,0,1,2,2,1,7,7,2,1,0,7,4,2
6838,3,0,3,0,5,1,1,0,2,0,2,1,2,7,7,2,2,4,7,3,1
6839,3,2,2,0,8,1,0,1,0,1,2,2,1,7,7,2,1,0,7,4,4
6840,3,2,4,0,8,1,0,1,0,1,2,1,1,6,6,2,1,0,7,4,2
6841,3,3,4,0,7,1,0,1,0,1,2,2,2,6,6,2,1,0,7,4,4
6842,5,2,8,0,5,1,1,0,10,0,2,1,2,7,7,2,2,4,7,3,1
6843,2,2,4,0,2,1,0,1,0,1,2,2,1,7,6,2,1,0,7,4,4
6844,5,3,2,0,7,1,0,1,0,1,2,2,2,7,6,2,1,0,7,4,0
6845,3,3,2,0,8,1,0,1,0,1,2,2,1,7,6,2,1,0,7,4,4
6846,3,2,2,0,2,1,0,1,0,1,2,2,1,6,7,2,1,0,7,4,0
6847,3,2,2,0,2,1,0,1,0,1,2,1,1,6,7,2,1,0,7,4,4
6848,3,2,4,0,7,1,0,1,0,1,2,2,2,7,7,2,1,0,7,4,2
6849,3,2,3,0,5,1,1,0,10,0,2,2,2,7,7,2,2,4,7,3,1
6850,3,0,8,0,5,1,1,0,7,0,2,1,1,7,7,2,2,4,7,3,1
6851,3,2,2,0,7,1,0,1,0,1,2,1,2,6,6,2,1,0,7,4,4
6852,0,0,8,0,5,1,1,0,2,0,2,1,1,7,7,2,2,4,7,2,1
6853,5,2,8,0,5,1,1,0,10,0,2,2,1,7,7,2,2,4,7,3,1
6854,0,0,8,0,5,1,1,0,7,0,2,2,1,7,7,2,2,4,7,3,1
6855,3,3,4,0,8,1,0,1,0,1,2,2,2,6,6,2,1,0,7,4,0
6856,2,2,4,0,8,1,0,1,0,1,2,1,2,6,7,2,1,0,7,4,2
6857,2,3,2,0,8,1,0,1,0,1,2,1,1,6,6,2,1,0,7,4,4
6858,3,2,2,0,8,1,0,1,0,1,2,2,1,7,6,2,1,0,7,4,4
6859,3,3,4,0,2,1,0,1,0,1,2,1,2,6,6,2,1,0,7,4,0
6860,3,3,4,0,2,1,0,1,0,1,2,1,2,6,6,2,1,0,7,4,2
6861,3,2,4,0,2,1,0,1,0,1,2,2,2,6,7,2,1,0,7,4,2
6862,5,0,3,0,5,1,1,0,2,0,2,2,2,7,7,2,2,4,7,2,1
6863,3,2,8,0,5,1,1,0,10,0,2,2,1,7,7,2,2,4,7,3,1
6864,3,3,2,0,2,1,0,1,0,1,2,2,1,6,6,2,1,0,7,4,4
6865,5,2,4,0,2,1,0,1,0,1,2,2,2,7,7,2,1,0,7,4,0
6866,3,3,4,0,2,1,0,1,0,1,2,2,2,6,7,2,1,0,7,4,2
6867,0,0,8,0,5,1,1,0,7,0,2,1,2,7,7,2,2,4,7,2,1
6868,3,3,2,0,8,1,0,1,0,1,2,1,1,6,7,2,1,0,7,4,0
6870,3,2,2,0,2,1,0,1,0,1,2,2,1,7,7,2,1,0,7,4,2
6871,3,3,2,0,8,1,0,1,0,1,2,1,2,6,7,2,1,0,7,4,4
6872,3,3,2,0,8,1,0,1,0,1,2,1,2,7,6,2,1,0,7,4,4
6873,0,0,3,0,5,1,1,0,2,0,2,1,2,7,7,2,2,4,7,2,1
6874,3,2,2,0,8,1,0,1,0,1,2,2,1,6,7,2,1,0,7,4,0
6875,3,2,4,0,8,1,0,1,0,1,2,2,1,7,6,2,1,0,7,4,0
6876,3,3,4,0,2,1,0,1,0,1,2,1,2,7,7,2,1,0,7,4,2
6877,3,2,4,0,7,1,0,1,0,1,2,2,1,7,6,2,1,0,7,4,0
6878,5,0,8,0,5,1,1,0,10,0,2,2,1,7,7,2,2,4,7,3,1
6879,3,3,4,0,2,1,0,1,0,1,2,1,1,7,6,2,1,0,7,4,0
6880,0,0,3,0,5,1,1,0,10,0,2,1,2,7,7,2,2,4,7,2,1
6881,3,2,2,0,7,1,0,1,0,1,2,2,1,7,6,2,1,0,7,4,2
6882,3,2,4,0,2,1,0,1,0,1,2,2,2,7,6,2,1,0,7,4,4
6883,3,2,4,0,7,1,0,1,0,1,2,1,2,6,6,2,1,0,7,4,0
6884,3,2,4,0,7,1,0,1,0,1,2,1,1,6,6,2,1,0,7,4,4
6885,3,3,4,0,8,1,0,1,0,1,2,2,1,6,7,2,1,0,7,4,2
6886,3,0,8,0,5,1,1,0,10,0,2,1,2,7,7,2,2,4,7,3,1
6887,3,3,2,0,2,1,0,1,0,1,2,2,2,6,6,2,1,0,7,4,2
6888,3,2,2,0,2,1,0,1,0,1,2,1,1,7,7,2,1,0,7,4,4
6889,3,3,2,0,7,1,0,1,0,1,2,1,1,7,7,2,1,0,7,4,2
6890,3,3,2,0,2,1,0,1,0,1,2,1,1,7,7,2,1,0,7,4,4
6891,0,0,3,0,5,1,1,0,10,0,2,1,1,7,7,2,2,4,7,2,1
6892,0,0,3,0,5,1,1,0,2,0,2,2,2,7,7,2,2,4,7,3,1
6893,3,3,2,0,2,1,0,1,0,1,2,2,2,7,7,2,1,0,7,4,2
6894,3,2,4,0,7,1,0,1,0,1,2,2,1,6,7,2,1,0,7,4,0
6895,3,3,4,0,2,1,0,1,0,1,2,1,2,7,7,2,1,0,7,4,4
6896,3,2,2,0,7,1,0,1,0,1,2,1,1,6,6,2,1,0,7,4,4
6897,3,3,4,0,8,1,0,1,0,1,2,2,2,7,7,2,1,0,7,4,2
6898,0,0,3,0,5,1,1,0,7,0,2,1,1,7,7,2,2,4,7,3,1
6899,3,0,8,0,5,1,1,0,2,0,2,2,1,7,7,2,2,4,7,3,1
6900,5,2,2,0,2,1,0,1,0,1,2,1,2,7,6,2,1,0,7,4,4
6901,3,3,2,0,2,1,0,1,0,1,2,1,1,7,6,2,1,0,7,4,0
6902,3,2,4,0,2,1,0,1,0,1,2,1,2,6,6,2,1,0,7,4,0
6903,3,3,2,0,2,1,0,1,0,1,2,2,1,7,7,2,1,0,7,4,4
6904,3,3,2,0,8,1,0,1,0,1,2,2,2,6,6,2,1,0,7,4,4
6905,5,2,4,0,8,1,0,1,0,1,2,1,1,7,7,2,1,0,7,4,0
6906,0,2,3,0,5,1,1,0,2,0,2,1,2,7,7,2,2,4,7,2,1
6907,3,0,8,0,5,1,1,0,10,0,2,1,2,7,7,2,2,4,7,2,1
6908,3,3,4,0,7,1,0,1,0,1,2,1,1,6,6,2,1,0,7,4,2
6909,3,2,2,0,8,1,0,1,0,1,2,1,1,7,6,2,1,0,7,4,0
6910,3,0,8,0,5,1,1,0,10,0,2,1,1,7,7,2,2,4,7,3,1
6911,3,2,2,0,7,1,0,1,0,1,2,2,2,6,7,2,1,0,7,4,4
6912,3,3,2,0,8,1,0,1,0,1,2,1,2,6,7,2,1,0,7,4,2
6913,0,2,8,0,5,1,1,0,10,0,2,2,2,7,7,2,2,4,7,2,1
6914,3,2,8,0,5,1,1,0,7,0,2,2,2,7,7,2,2,4,7,2,1
6915,3,3,2,0,8,1,0,1,0,1,2,1,1,6,6,2,1,0,7,4,0
6916,3,3,4,0,7,1,0,1,0,1,2,2,1,6,7,2,1,0,7,4,2
6917,3,2,2,0,8,1,0,1,0,1,2,1,2,6,7,2,1,0,7,4,0
6918,3,3,4,0,2,1,0,1,0,1,2,1,2,6,7,2,1,0,7,4,0
6919,3,3,4,0,8,1,0,1,0,1,2,2,1,7,7,2,1,0,7,4,2
